"id","date","customer_id","amount"
"2301027XX1","2023-01-02",23,"339.58"
"2301027XX2","2023-01-02",546,"496.07"
"2301027XX3","2023-01-02",200,"109.31"
"2301027XX4","2023-01-02",380,"159.55"
"2301037XX1","2023-01-03",478,"78.16"
"2301037XX2","2023-01-03",187,"302.44"
"2301037XX3","2023-01-03",220,"61.13"
"2301037XX4","2023-01-03",658,"256.19"
"2301037XX5","2023-01-03",581,"439.93"
"2301037XX6","2023-01-03",754,"457.28"
"2301047XX1","2023-01-04",653,"259.24"
"2301047XX2","2023-01-04",497,"449.10"
"2301047XX3","2023-01-04",198,"205.29"
"2301047XX4","2023-01-04",183,"71.30"
"2301047XX5","2023-01-04",77,"422.73"
"2301047XX6","2023-01-04",501,"334.25"
"2301057XX1","2023-01-05",403,"335.96"
"2301057XX2","2023-01-05",155,"76.35"
"2301057XX3","2023-01-05",285,"383.41"
"2301057XX4","2023-01-05",587,"167.27"
"2301067XX1","2023-01-06",115,"245.14"
"2301067XX2","2023-01-06",204,"478.70"
"2301067XX3","2023-01-06",639,"478.32"
"2301067XX4","2023-01-06",159,"101.59"
"2301067XX5","2023-01-06",393,"390.10"
"2301067XX6","2023-01-06",685,"253.54"
"2301077XX1","2023-01-07",518,"219.70"
"2301077XX2","2023-01-07",5,"48.53"
"2301077XX3","2023-01-07",427,"252.21"
"2301077XX4","2023-01-07",240,"292.91"
"2301077XX5","2023-01-07",135,"183.62"
"2301077XX6","2023-01-07",177,"242.26"
"2301077XX7","2023-01-07",371,"230.90"
"2301077XX8","2023-01-07",497,"237.75"
"2301077XX9","2023-01-07",508,"487.49"
"2301087XX1","2023-01-08",757,"180.18"
"2301087XX2","2023-01-08",376,"258.25"
"2301087XX3","2023-01-08",474,"393.81"
"2301087XX4","2023-01-08",9,"461.08"
"2301097XX1","2023-01-09",23,"266.63"
"2301097XX2","2023-01-09",250,"174.65"
"2301097XX3","2023-01-09",483,"265.64"
"2301097XX4","2023-01-09",186,"144.33"
"2301097XX5","2023-01-09",51,"195.48"
"2301107XX1","2023-01-10",658,"264.66"
"2301107XX2","2023-01-10",285,"462.88"
"2301107XX3","2023-01-10",764,"67.88"
"2301117XX1","2023-01-11",668,"303.59"
"2301117XX2","2023-01-11",357,"478.40"
"2301117XX3","2023-01-11",423,"432.03"
"2301117XX4","2023-01-11",518,"460.54"
"2301117XX5","2023-01-11",581,"419.17"
"2301117XX6","2023-01-11",252,"154.25"
"2301117XX7","2023-01-11",250,"49.88"
"2301127XX1","2023-01-12",230,"82.89"
"2301127XX2","2023-01-12",140,"350.47"
"2301127XX3","2023-01-12",587,"91.82"
"2301127XX4","2023-01-12",523,"235.31"
"2301127XX5","2023-01-12",113,"138.45"
"2301137XX1","2023-01-13",467,"349.93"
"2301137XX2","2023-01-13",378,"155.44"
"2301137XX3","2023-01-13",636,"140.91"
"2301137XX4","2023-01-13",758,"355.84"
"2301137XX5","2023-01-13",524,"486.09"
"2301137XX6","2023-01-13",272,"378.60"
"2301137XX7","2023-01-13",286,"489.70"
"2301137XX8","2023-01-13",284,"183.42"
"2301137XX9","2023-01-13",294,"471.11"
"2301137X10","2023-01-13",538,"271.76"
"2301147XX1","2023-01-14",232,"490.72"
"2301147XX2","2023-01-14",496,"72.80"
"2301147XX3","2023-01-14",335,"412.54"
"2301147XX4","2023-01-14",557,"151.91"
"2301147XX5","2023-01-14",537,"108.43"
"2301157XX1","2023-01-15",663,"177.42"
"2301157XX2","2023-01-15",424,"45.09"
"2301157XX3","2023-01-15",672,"264.85"
"2301157XX4","2023-01-15",667,"82.64"
"2301157XX5","2023-01-15",156,"312.66"
"2301157XX6","2023-01-15",5,"335.21"
"2301157XX7","2023-01-15",709,"304.30"
"2301157XX8","2023-01-15",66,"93.97"
"2301167XX1","2023-01-16",610,"207.39"
"2301167XX2","2023-01-16",28,"311.69"
"2301167XX3","2023-01-16",637,"237.04"
"2301167XX4","2023-01-16",473,"270.23"
"2301167XX5","2023-01-16",537,"223.25"
"2301177XX1","2023-01-17",531,"420.63"
"2301177XX2","2023-01-17",182,"477.78"
"2301177XX3","2023-01-17",183,"493.83"
"2301177XX4","2023-01-17",50,"241.36"
"2301177XX5","2023-01-17",632,"319.25"
"2301187XX1","2023-01-18",288,"185.63"
"2301187XX2","2023-01-18",739,"335.82"
"2301187XX3","2023-01-18",736,"142.03"
"2301187XX4","2023-01-18",714,"56.65"
"2301187XX5","2023-01-18",322,"351.76"
"2301187XX6","2023-01-18",560,"147.60"
"2301187XX7","2023-01-18",255,"288.26"
"2301187XX8","2023-01-18",712,"131.14"
"2301187XX9","2023-01-18",765,"62.19"
"2301197XX1","2023-01-19",492,"403.56"
"2301197XX2","2023-01-19",649,"317.06"
"2301197XX3","2023-01-19",703,"396.71"
"2301197XX4","2023-01-19",707,"439.30"
"2301197XX5","2023-01-19",695,"107.13"
"2301197XX6","2023-01-19",472,"318.84"
"2301197XX7","2023-01-19",56,"475.68"
"2301207XX1","2023-01-20",369,"121.14"
"2301207XX2","2023-01-20",191,"120.82"
"2301207XX3","2023-01-20",465,"142.94"
"2301207XX4","2023-01-20",84,"471.84"
"2301207XX5","2023-01-20",384,"82.71"
"2301217XX1","2023-01-21",382,"101.63"
"2301217XX2","2023-01-21",477,"411.27"
"2301217XX3","2023-01-21",518,"410.66"
"2301217XX4","2023-01-21",133,"125.08"
"2301217XX5","2023-01-21",187,"229.63"
"2301217XX6","2023-01-21",68,"290.04"
"2301217XX7","2023-01-21",769,"72.35"
"2301227XX1","2023-01-22",387,"364.78"
"2301227XX2","2023-01-22",50,"305.24"
"2301227XX3","2023-01-22",408,"145.95"
"2301227XX4","2023-01-22",680,"395.95"
"2301227XX5","2023-01-22",540,"233.46"
"2301237XX1","2023-01-23",182,"398.24"
"2301237XX2","2023-01-23",372,"205.05"
"2301237XX3","2023-01-23",412,"409.31"
"2301237XX4","2023-01-23",499,"340.92"
"2301237XX5","2023-01-23",313,"361.11"
"2301237XX6","2023-01-23",38,"375.26"
"2301237XX7","2023-01-23",112,"338.99"
"2301237XX8","2023-01-23",329,"262.81"
"2301237XX9","2023-01-23",756,"354.07"
"2301247XX1","2023-01-24",453,"128.96"
"2301247XX2","2023-01-24",214,"201.48"
"2301247XX3","2023-01-24",109,"323.60"
"2301247XX4","2023-01-24",158,"325.62"
"2301247XX5","2023-01-24",737,"394.36"
"2301257XX1","2023-01-25",408,"129.53"
"2301257XX2","2023-01-25",299,"355.59"
"2301267XX1","2023-01-26",329,"81.13"
"2301267XX2","2023-01-26",136,"463.19"
"2301267XX3","2023-01-26",152,"218.04"
"2301267XX4","2023-01-26",69,"232.33"
"2301267XX5","2023-01-26",157,"300.11"
"2301267XX6","2023-01-26",202,"392.94"
"2301267XX7","2023-01-26",631,"149.92"
"2301277XX1","2023-01-27",234,"103.64"
"2301277XX2","2023-01-27",217,"471.90"
"2301277XX3","2023-01-27",270,"319.44"
"2301277XX4","2023-01-27",449,"147.32"
"2301277XX5","2023-01-27",514,"123.60"
"2301287XX1","2023-01-28",129,"146.95"
"2301287XX2","2023-01-28",125,"160.55"
"2301287XX3","2023-01-28",349,"471.70"
"2301287XX4","2023-01-28",147,"295.54"
"2301287XX5","2023-01-28",228,"371.29"
"2301297XX1","2023-01-29",167,"154.33"
"2301297XX2","2023-01-29",544,"61.44"
"2301297XX3","2023-01-29",444,"78.25"
"2301297XX4","2023-01-29",117,"368.90"
"2301297XX5","2023-01-29",531,"465.83"
"2301297XX6","2023-01-29",83,"47.17"
"2301297XX7","2023-01-29",431,"444.22"
"2301307XX1","2023-01-30",597,"54.73"
"2301307XX2","2023-01-30",711,"425.32"
"2301307XX3","2023-01-30",708,"395.22"
"2301307XX4","2023-01-30",81,"283.86"
"2301307XX5","2023-01-30",213,"407.66"
"2301307XX6","2023-01-30",332,"288.64"
"2301307XX7","2023-01-30",156,"337.13"
"2301307XX8","2023-01-30",520,"188.67"
"2301307XX9","2023-01-30",405,"153.35"
"2301317XX1","2023-01-31",708,"113.50"
"2301317XX2","2023-01-31",333,"468.90"
"2301317XX3","2023-01-31",286,"183.95"
"2301317XX4","2023-01-31",344,"46.65"
"2301317XX5","2023-01-31",285,"44.91"
"2301317XX6","2023-01-31",570,"280.00"
"2302017XX1","2023-02-01",640,"207.71"
"2302017XX2","2023-02-01",63,"422.27"
"2302017XX3","2023-02-01",108,"158.64"
"2302017XX4","2023-02-01",694,"423.73"
"2302017XX5","2023-02-01",748,"105.91"
"2302017XX6","2023-02-01",419,"120.06"
"2302027XX1","2023-02-02",349,"316.89"
"2302027XX2","2023-02-02",178,"378.80"
"2302027XX3","2023-02-02",463,"214.67"
"2302027XX4","2023-02-02",588,"148.91"
"2302027XX5","2023-02-02",656,"42.13"
"2302037XX1","2023-02-03",403,"452.13"
"2302037XX2","2023-02-03",360,"411.36"
"2302037XX3","2023-02-03",529,"460.64"
"2302037XX4","2023-02-03",327,"414.47"
"2302047XX1","2023-02-04",241,"472.69"
"2302047XX2","2023-02-04",495,"220.98"
"2302047XX3","2023-02-04",749,"315.22"
"2302047XX4","2023-02-04",208,"77.14"
"2302057XX1","2023-02-05",404,"113.38"
"2302057XX2","2023-02-05",341,"433.42"
"2302057XX3","2023-02-05",449,"471.11"
"2302057XX4","2023-02-05",601,"49.04"
"2302057XX5","2023-02-05",10,"381.40"
"2302057XX6","2023-02-05",471,"206.17"
"2302057XX7","2023-02-05",123,"355.58"
"2302067XX1","2023-02-06",232,"435.96"
"2302067XX2","2023-02-06",746,"478.84"
"2302067XX3","2023-02-06",644,"317.54"
"2302067XX4","2023-02-06",14,"92.28"
"2302067XX5","2023-02-06",675,"490.20"
"2302067XX6","2023-02-06",373,"491.45"
"2302077XX1","2023-02-07",242,"433.42"
"2302077XX2","2023-02-07",35,"317.85"
"2302077XX3","2023-02-07",485,"300.25"
"2302077XX4","2023-02-07",221,"121.84"
"2302077XX5","2023-02-07",189,"403.36"
"2302087XX1","2023-02-08",115,"259.66"
"2302087XX2","2023-02-08",414,"290.82"
"2302087XX3","2023-02-08",125,"133.53"
"2302087XX4","2023-02-08",510,"123.86"
"2302097XX1","2023-02-09",140,"261.24"
"2302097XX2","2023-02-09",679,"70.45"
"2302097XX3","2023-02-09",37,"197.40"
"2302097XX4","2023-02-09",54,"71.58"
"2302097XX5","2023-02-09",318,"354.07"
"2302097XX6","2023-02-09",146,"43.47"
"2302097XX7","2023-02-09",29,"166.12"
"2302097XX8","2023-02-09",688,"458.79"
"2302107XX1","2023-02-10",696,"416.74"
"2302107XX2","2023-02-10",719,"149.27"
"2302107XX3","2023-02-10",223,"165.59"
"2302107XX4","2023-02-10",596,"51.22"
"2302107XX5","2023-02-10",339,"93.68"
"2302107XX6","2023-02-10",320,"401.89"
"2302107XX7","2023-02-10",169,"273.99"
"2302107XX8","2023-02-10",765,"132.40"
"2302107XX9","2023-02-10",117,"195.04"
"2302107X10","2023-02-10",147,"235.92"
"2302107X11","2023-02-10",231,"291.01"
"2302117XX1","2023-02-11",199,"180.36"
"2302117XX2","2023-02-11",546,"386.02"
"2302127XX1","2023-02-12",37,"113.06"
"2302137XX1","2023-02-13",760,"351.33"
"2302137XX2","2023-02-13",637,"212.46"
"2302137XX3","2023-02-13",449,"463.71"
"2302137XX4","2023-02-13",84,"377.76"
"2302137XX5","2023-02-13",96,"157.51"
"2302137XX6","2023-02-13",449,"421.18"
"2302137XX7","2023-02-13",95,"193.83"
"2302137XX8","2023-02-13",594,"164.92"
"2302137XX9","2023-02-13",40,"480.80"
"2302137X10","2023-02-13",666,"44.89"
"2302147XX1","2023-02-14",219,"363.23"
"2302147XX2","2023-02-14",241,"148.32"
"2302147XX3","2023-02-14",539,"279.26"
"2302147XX4","2023-02-14",334,"193.79"
"2302147XX5","2023-02-14",316,"471.87"
"2302147XX6","2023-02-14",180,"341.60"
"2302147XX7","2023-02-14",270,"203.11"
"2302157XX1","2023-02-15",481,"302.51"
"2302157XX2","2023-02-15",49,"483.50"
"2302157XX3","2023-02-15",290,"404.92"
"2302157XX4","2023-02-15",462,"300.70"
"2302167XX1","2023-02-16",697,"64.46"
"2302167XX2","2023-02-16",729,"425.05"
"2302167XX3","2023-02-16",23,"103.37"
"2302167XX4","2023-02-16",352,"101.11"
"2302167XX5","2023-02-16",701,"235.69"
"2302177XX1","2023-02-17",9,"304.15"
"2302177XX2","2023-02-17",621,"321.60"
"2302177XX3","2023-02-17",623,"179.71"
"2302187XX1","2023-02-18",546,"441.58"
"2302187XX2","2023-02-18",656,"82.33"
"2302187XX3","2023-02-18",158,"60.56"
"2302187XX4","2023-02-18",48,"429.09"
"2302187XX5","2023-02-18",613,"88.14"
"2302197XX1","2023-02-19",352,"57.93"
"2302197XX2","2023-02-19",137,"207.96"
"2302197XX3","2023-02-19",629,"61.25"
"2302197XX4","2023-02-19",197,"221.93"
"2302197XX5","2023-02-19",444,"160.75"
"2302207XX1","2023-02-20",737,"177.70"
"2302207XX2","2023-02-20",746,"284.80"
"2302207XX3","2023-02-20",21,"178.11"
"2302207XX4","2023-02-20",77,"488.77"
"2302207XX5","2023-02-20",475,"88.94"
"2302207XX6","2023-02-20",450,"216.13"
"2302207XX7","2023-02-20",505,"363.02"
"2302207XX8","2023-02-20",712,"453.36"
"2302207XX9","2023-02-20",681,"287.72"
"2302207X10","2023-02-20",502,"208.01"
"2302207X11","2023-02-20",21,"366.11"
"2302207X12","2023-02-20",642,"332.34"
"2302217XX1","2023-02-21",670,"395.51"
"2302217XX2","2023-02-21",608,"80.69"
"2302217XX3","2023-02-21",140,"269.69"
"2302217XX4","2023-02-21",504,"321.26"
"2302227XX1","2023-02-22",449,"468.22"
"2302227XX2","2023-02-22",467,"372.47"
"2302227XX3","2023-02-22",732,"135.38"
"2302237XX1","2023-02-23",290,"306.82"
"2302237XX2","2023-02-23",327,"208.40"
"2302237XX3","2023-02-23",305,"160.56"
"2302237XX4","2023-02-23",526,"50.94"
"2302247XX1","2023-02-24",756,"136.10"
"2302247XX2","2023-02-24",384,"52.42"
"2302247XX3","2023-02-24",168,"229.66"
"2302247XX4","2023-02-24",415,"237.99"
"2302257XX1","2023-02-25",504,"190.93"
"2302257XX2","2023-02-25",494,"176.35"
"2302257XX3","2023-02-25",749,"86.76"
"2302257XX4","2023-02-25",188,"125.33"
"2302257XX5","2023-02-25",369,"143.85"
"2302257XX6","2023-02-25",621,"493.94"
"2302257XX7","2023-02-25",367,"415.86"
"2302267XX1","2023-02-26",100,"228.56"
"2302267XX2","2023-02-26",624,"125.75"
"2302267XX3","2023-02-26",595,"174.12"
"2302267XX4","2023-02-26",686,"203.69"
"2302277XX1","2023-02-27",147,"427.26"
"2302277XX2","2023-02-27",693,"130.56"
"2302277XX3","2023-02-27",701,"184.20"
"2302277XX4","2023-02-27",87,"237.63"
"2302287XX1","2023-02-28",294,"276.20"
"2302287XX2","2023-02-28",553,"184.86"
"2302287XX3","2023-02-28",69,"163.81"
"2302287XX4","2023-02-28",246,"80.76"
"2302287XX5","2023-02-28",768,"45.29"
"2302287XX6","2023-02-28",600,"216.47"
"2302287XX7","2023-02-28",349,"425.42"
"2302287XX8","2023-02-28",712,"224.23"
"2302287XX9","2023-02-28",469,"206.93"
"2302287X10","2023-02-28",717,"206.68"
"2302287X11","2023-02-28",170,"98.72"
"2302287X12","2023-02-28",63,"376.22"
"2302287X13","2023-02-28",220,"492.98"
"2303017XX1","2023-03-01",49,"230.00"
"2303027XX1","2023-03-02",170,"205.95"
"2303027XX2","2023-03-02",773,"256.16"
"2303027XX3","2023-03-02",533,"465.32"
"2303027XX4","2023-03-02",10,"260.66"
"2303027XX5","2023-03-02",23,"97.23"
"2303027XX6","2023-03-02",170,"120.85"
"2303037XX1","2023-03-03",394,"289.00"
"2303037XX2","2023-03-03",565,"81.31"
"2303037XX3","2023-03-03",381,"212.50"
"2303037XX4","2023-03-03",509,"362.75"
"2303037XX5","2023-03-03",413,"127.03"
"2303037XX6","2023-03-03",628,"222.39"
"2303037XX7","2023-03-03",298,"461.00"
"2303037XX8","2023-03-03",571,"106.48"
"2303047XX1","2023-03-04",38,"239.93"
"2303047XX2","2023-03-04",432,"462.13"
"2303047XX3","2023-03-04",441,"381.65"
"2303047XX4","2023-03-04",509,"482.73"
"2303057XX1","2023-03-05",25,"431.66"
"2303057XX2","2023-03-05",553,"81.56"
"2303067XX1","2023-03-06",388,"404.73"
"2303067XX2","2023-03-06",707,"141.60"
"2303067XX3","2023-03-06",200,"87.78"
"2303067XX4","2023-03-06",49,"74.96"
"2303067XX5","2023-03-06",320,"370.93"
"2303067XX6","2023-03-06",151,"390.26"
"2303067XX7","2023-03-06",208,"158.75"
"2303067XX8","2023-03-06",79,"114.78"
"2303067XX9","2023-03-06",477,"96.39"
"2303077XX1","2023-03-07",536,"213.43"
"2303077XX2","2023-03-07",144,"305.44"
"2303077XX3","2023-03-07",476,"193.93"
"2303077XX4","2023-03-07",144,"458.54"
"2303077XX5","2023-03-07",672,"42.32"
"2303077XX6","2023-03-07",554,"227.09"
"2303077XX7","2023-03-07",280,"301.08"
"2303087XX1","2023-03-08",134,"451.86"
"2303087XX2","2023-03-08",772,"154.52"
"2303087XX3","2023-03-08",63,"205.60"
"2303087XX4","2023-03-08",146,"40.24"
"2303097XX1","2023-03-09",658,"242.73"
"2303097XX2","2023-03-09",616,"169.11"
"2303097XX3","2023-03-09",74,"272.44"
"2303097XX4","2023-03-09",53,"232.69"
"2303107XX1","2023-03-10",596,"440.43"
"2303107XX2","2023-03-10",100,"118.66"
"2303107XX3","2023-03-10",95,"114.91"
"2303107XX4","2023-03-10",136,"370.27"
"2303107XX5","2023-03-10",542,"207.22"
"2303117XX1","2023-03-11",609,"357.88"
"2303117XX2","2023-03-11",442,"492.61"
"2303117XX3","2023-03-11",160,"337.83"
"2303127XX1","2023-03-12",447,"276.28"
"2303127XX2","2023-03-12",550,"427.50"
"2303127XX3","2023-03-12",525,"78.77"
"2303127XX4","2023-03-12",485,"302.87"
"2303127XX5","2023-03-12",661,"362.96"
"2303127XX6","2023-03-12",595,"461.96"
"2303127XX7","2023-03-12",14,"93.34"
"2303137XX1","2023-03-13",162,"230.95"
"2303137XX2","2023-03-13",36,"40.79"
"2303137XX3","2023-03-13",662,"273.89"
"2303137XX4","2023-03-13",486,"480.61"
"2303137XX5","2023-03-13",442,"179.94"
"2303137XX6","2023-03-13",578,"443.72"
"2303137XX7","2023-03-13",460,"165.01"
"2303137XX8","2023-03-13",159,"354.81"
"2303137XX9","2023-03-13",482,"63.36"
"2303137X10","2023-03-13",169,"127.74"
"2303137X11","2023-03-13",106,"204.03"
"2303137X12","2023-03-13",748,"268.08"
"2303147XX1","2023-03-14",333,"270.59"
"2303147XX2","2023-03-14",124,"65.27"
"2303147XX3","2023-03-14",125,"302.24"
"2303147XX4","2023-03-14",359,"137.08"
"2303147XX5","2023-03-14",99,"279.56"
"2303147XX6","2023-03-14",756,"229.04"
"2303147XX7","2023-03-14",362,"463.44"
"2303147XX8","2023-03-14",89,"315.56"
"2303147XX9","2023-03-14",265,"334.39"
"2303147X10","2023-03-14",425,"99.67"
"2303157XX1","2023-03-15",708,"380.68"
"2303157XX2","2023-03-15",422,"299.12"
"2303167XX1","2023-03-16",98,"446.22"
"2303167XX2","2023-03-16",586,"274.24"
"2303167XX3","2023-03-16",389,"65.33"
"2303177XX1","2023-03-17",442,"363.58"
"2303177XX2","2023-03-17",574,"256.68"
"2303177XX3","2023-03-17",85,"259.82"
"2303187XX1","2023-03-18",301,"444.91"
"2303187XX2","2023-03-18",55,"358.74"
"2303187XX3","2023-03-18",179,"493.54"
"2303197XX1","2023-03-19",407,"179.54"
"2303197XX2","2023-03-19",567,"294.63"
"2303197XX3","2023-03-19",529,"89.22"
"2303197XX4","2023-03-19",182,"191.88"
"2303197XX5","2023-03-19",167,"415.89"
"2303197XX6","2023-03-19",123,"378.59"
"2303207XX1","2023-03-20",680,"228.36"
"2303207XX2","2023-03-20",407,"154.78"
"2303217XX1","2023-03-21",221,"335.75"
"2303217XX2","2023-03-21",434,"50.92"
"2303217XX3","2023-03-21",202,"331.24"
"2303217XX4","2023-03-21",552,"368.28"
"2303217XX5","2023-03-21",505,"234.00"
"2303227XX1","2023-03-22",285,"47.55"
"2303227XX2","2023-03-22",76,"314.04"
"2303227XX3","2023-03-22",721,"160.26"
"2303227XX4","2023-03-22",59,"497.90"
"2303227XX5","2023-03-22",732,"341.23"
"2303227XX6","2023-03-22",383,"134.55"
"2303227XX7","2023-03-22",692,"471.66"
"2303227XX8","2023-03-22",482,"434.32"
"2303237XX1","2023-03-23",563,"414.35"
"2303237XX2","2023-03-23",738,"386.57"
"2303237XX3","2023-03-23",218,"228.70"
"2303237XX4","2023-03-23",405,"486.26"
"2303237XX5","2023-03-23",644,"155.47"
"2303247XX1","2023-03-24",30,"401.20"
"2303247XX2","2023-03-24",627,"363.97"
"2303247XX3","2023-03-24",575,"101.58"
"2303247XX4","2023-03-24",217,"296.10"
"2303247XX5","2023-03-24",487,"123.29"
"2303247XX6","2023-03-24",642,"457.88"
"2303247XX7","2023-03-24",609,"365.38"
"2303247XX8","2023-03-24",754,"484.41"
"2303247XX9","2023-03-24",515,"131.09"
"2303257XX1","2023-03-25",661,"371.24"
"2303257XX2","2023-03-25",411,"304.65"
"2303257XX3","2023-03-25",542,"286.96"
"2303257XX4","2023-03-25",532,"482.19"
"2303257XX5","2023-03-25",587,"290.75"
"2303267XX1","2023-03-26",629,"141.17"
"2303267XX2","2023-03-26",619,"227.62"
"2303267XX3","2023-03-26",224,"340.70"
"2303267XX4","2023-03-26",392,"178.04"
"2303277XX1","2023-03-27",414,"299.91"
"2303277XX2","2023-03-27",285,"197.23"
"2303277XX3","2023-03-27",73,"247.71"
"2303277XX4","2023-03-27",487,"143.30"
"2303277XX5","2023-03-27",189,"436.85"
"2303287XX1","2023-03-28",449,"94.06"
"2303287XX2","2023-03-28",688,"74.00"
"2303287XX3","2023-03-28",593,"209.23"
"2303287XX4","2023-03-28",570,"53.19"
"2303287XX5","2023-03-28",487,"437.21"
"2303287XX6","2023-03-28",49,"202.98"
"2303297XX1","2023-03-29",575,"240.11"
"2303297XX2","2023-03-29",459,"388.17"
"2303297XX3","2023-03-29",324,"251.61"
"2303297XX4","2023-03-29",403,"419.52"
"2303297XX5","2023-03-29",214,"347.70"
"2303297XX6","2023-03-29",430,"151.40"
"2303307XX1","2023-03-30",555,"479.43"
"2303307XX2","2023-03-30",553,"145.39"
"2303307XX3","2023-03-30",4,"400.14"
"2303307XX4","2023-03-30",45,"171.51"
"2303307XX5","2023-03-30",299,"387.27"
"2303307XX6","2023-03-30",663,"89.67"
"2303307XX7","2023-03-30",537,"388.63"
"2303317XX1","2023-03-31",362,"313.13"
"2303317XX2","2023-03-31",249,"99.45"
"2303317XX3","2023-03-31",566,"496.51"
"2303317XX4","2023-03-31",744,"256.10"
"2303317XX5","2023-03-31",132,"219.69"
"2303317XX6","2023-03-31",286,"199.89"
"2303317XX7","2023-03-31",577,"482.44"
"2304017XX1","2023-04-01",642,"116.57"
"2304017XX2","2023-04-01",626,"166.94"
"2304017XX3","2023-04-01",292,"90.04"
"2304017XX4","2023-04-01",751,"88.76"
"2304017XX5","2023-04-01",293,"320.42"
"2304017XX6","2023-04-01",423,"417.79"
"2304017XX7","2023-04-01",725,"322.09"
"2304027XX1","2023-04-02",469,"109.74"
"2304027XX2","2023-04-02",151,"259.44"
"2304027XX3","2023-04-02",42,"437.08"
"2304027XX4","2023-04-02",140,"135.91"
"2304027XX5","2023-04-02",327,"360.26"
"2304027XX6","2023-04-02",642,"343.07"
"2304027XX7","2023-04-02",392,"349.47"
"2304037XX1","2023-04-03",60,"288.38"
"2304037XX2","2023-04-03",566,"493.68"
"2304037XX3","2023-04-03",363,"387.02"
"2304037XX4","2023-04-03",622,"347.15"
"2304037XX5","2023-04-03",221,"437.26"
"2304037XX6","2023-04-03",475,"121.26"
"2304037XX7","2023-04-03",250,"119.80"
"2304037XX8","2023-04-03",65,"86.03"
"2304047XX1","2023-04-04",264,"100.13"
"2304047XX2","2023-04-04",650,"112.86"
"2304047XX3","2023-04-04",530,"259.05"
"2304047XX4","2023-04-04",604,"323.25"
"2304047XX5","2023-04-04",486,"231.75"
"2304047XX6","2023-04-04",570,"131.55"
"2304047XX7","2023-04-04",609,"425.33"
"2304047XX8","2023-04-04",143,"325.32"
"2304047XX9","2023-04-04",590,"46.23"
"2304047X10","2023-04-04",24,"254.22"
"2304047X11","2023-04-04",335,"79.03"
"2304057XX1","2023-04-05",332,"478.62"
"2304057XX2","2023-04-05",5,"174.72"
"2304057XX3","2023-04-05",770,"299.54"
"2304057XX4","2023-04-05",51,"166.08"
"2304057XX5","2023-04-05",673,"343.09"
"2304057XX6","2023-04-05",450,"378.16"
"2304057XX7","2023-04-05",455,"384.62"
"2304057XX8","2023-04-05",290,"263.02"
"2304067XX1","2023-04-06",70,"148.51"
"2304067XX2","2023-04-06",97,"275.80"
"2304067XX3","2023-04-06",9,"122.61"
"2304067XX4","2023-04-06",646,"148.84"
"2304067XX5","2023-04-06",456,"359.87"
"2304077XX1","2023-04-07",303,"131.79"
"2304077XX2","2023-04-07",106,"124.05"
"2304077XX3","2023-04-07",569,"417.28"
"2304077XX4","2023-04-07",629,"100.14"
"2304077XX5","2023-04-07",234,"352.15"
"2304077XX6","2023-04-07",738,"333.68"
"2304077XX7","2023-04-07",413,"474.00"
"2304087XX1","2023-04-08",106,"309.92"
"2304087XX2","2023-04-08",155,"89.27"
"2304087XX3","2023-04-08",271,"493.83"
"2304087XX4","2023-04-08",732,"288.36"
"2304087XX5","2023-04-08",581,"113.37"
"2304107XX1","2023-04-10",380,"428.74"
"2304107XX2","2023-04-10",673,"308.94"
"2304107XX3","2023-04-10",442,"423.08"
"2304107XX4","2023-04-10",63,"253.15"
"2304107XX5","2023-04-10",697,"179.45"
"2304107XX6","2023-04-10",40,"207.10"
"2304117XX1","2023-04-11",534,"397.28"
"2304117XX2","2023-04-11",26,"190.55"
"2304117XX3","2023-04-11",335,"312.86"
"2304117XX4","2023-04-11",333,"254.73"
"2304117XX5","2023-04-11",745,"82.25"
"2304117XX6","2023-04-11",686,"101.31"
"2304127XX1","2023-04-12",497,"213.57"
"2304127XX2","2023-04-12",432,"248.41"
"2304127XX3","2023-04-12",766,"315.59"
"2304127XX4","2023-04-12",199,"42.98"
"2304127XX5","2023-04-12",154,"458.52"
"2304137XX1","2023-04-13",69,"441.98"
"2304137XX2","2023-04-13",449,"417.06"
"2304137XX3","2023-04-13",629,"111.74"
"2304137XX4","2023-04-13",422,"212.33"
"2304137XX5","2023-04-13",630,"327.49"
"2304137XX6","2023-04-13",642,"258.14"
"2304147XX1","2023-04-14",463,"248.25"
"2304147XX2","2023-04-14",66,"109.28"
"2304147XX3","2023-04-14",113,"252.37"
"2304147XX4","2023-04-14",603,"227.22"
"2304147XX5","2023-04-14",81,"377.06"
"2304147XX6","2023-04-14",74,"337.33"
"2304147XX7","2023-04-14",570,"490.04"
"2304147XX8","2023-04-14",125,"250.77"
"2304157XX1","2023-04-15",198,"464.87"
"2304157XX2","2023-04-15",485,"78.69"
"2304157XX3","2023-04-15",198,"97.00"
"2304157XX4","2023-04-15",245,"94.67"
"2304157XX5","2023-04-15",729,"244.81"
"2304157XX6","2023-04-15",525,"246.03"
"2304157XX7","2023-04-15",338,"168.73"
"2304157XX8","2023-04-15",275,"47.14"
"2304157XX9","2023-04-15",548,"449.15"
"2304167XX1","2023-04-16",101,"330.98"
"2304167XX2","2023-04-16",682,"234.10"
"2304167XX3","2023-04-16",743,"446.02"
"2304167XX4","2023-04-16",494,"261.97"
"2304167XX5","2023-04-16",43,"319.79"
"2304167XX6","2023-04-16",226,"426.92"
"2304167XX7","2023-04-16",771,"467.51"
"2304177XX1","2023-04-17",385,"196.21"
"2304177XX2","2023-04-17",531,"267.12"
"2304187XX1","2023-04-18",554,"153.98"
"2304187XX2","2023-04-18",66,"341.94"
"2304187XX3","2023-04-18",535,"166.45"
"2304187XX4","2023-04-18",711,"418.74"
"2304187XX5","2023-04-18",362,"382.56"
"2304187XX6","2023-04-18",115,"426.49"
"2304187XX7","2023-04-18",198,"470.08"
"2304197XX1","2023-04-19",725,"331.94"
"2304197XX2","2023-04-19",761,"397.98"
"2304197XX3","2023-04-19",688,"484.68"
"2304197XX4","2023-04-19",687,"185.84"
"2304197XX5","2023-04-19",387,"212.76"
"2304197XX6","2023-04-19",566,"436.35"
"2304197XX7","2023-04-19",296,"173.61"
"2304197XX8","2023-04-19",234,"467.51"
"2304207XX1","2023-04-20",112,"499.25"
"2304207XX2","2023-04-20",255,"127.43"
"2304207XX3","2023-04-20",75,"490.60"
"2304207XX4","2023-04-20",603,"142.89"
"2304207XX5","2023-04-20",513,"276.34"
"2304207XX6","2023-04-20",81,"259.56"
"2304207XX7","2023-04-20",554,"58.18"
"2304207XX8","2023-04-20",40,"208.87"
"2304207XX9","2023-04-20",642,"354.10"
"2304217XX1","2023-04-21",375,"391.30"
"2304217XX2","2023-04-21",518,"104.47"
"2304217XX3","2023-04-21",60,"478.85"
"2304217XX4","2023-04-21",528,"317.82"
"2304217XX5","2023-04-21",567,"385.93"
"2304217XX6","2023-04-21",701,"382.09"
"2304227XX1","2023-04-22",518,"64.89"
"2304227XX2","2023-04-22",11,"128.55"
"2304227XX3","2023-04-22",398,"222.89"
"2304227XX4","2023-04-22",468,"119.53"
"2304237XX1","2023-04-23",150,"448.63"
"2304237XX2","2023-04-23",65,"349.75"
"2304237XX3","2023-04-23",191,"184.43"
"2304237XX4","2023-04-23",385,"98.31"
"2304237XX5","2023-04-23",592,"391.50"
"2304237XX6","2023-04-23",400,"371.06"
"2304237XX7","2023-04-23",594,"413.28"
"2304237XX8","2023-04-23",423,"60.35"
"2304237XX9","2023-04-23",660,"224.46"
"2304237X10","2023-04-23",45,"115.52"
"2304237X11","2023-04-23",169,"225.95"
"2304237X12","2023-04-23",488,"387.39"
"2304247XX1","2023-04-24",765,"207.41"
"2304247XX2","2023-04-24",425,"235.76"
"2304247XX3","2023-04-24",657,"348.98"
"2304247XX4","2023-04-24",628,"57.39"
"2304257XX1","2023-04-25",547,"93.89"
"2304257XX2","2023-04-25",484,"429.65"
"2304257XX3","2023-04-25",483,"479.84"
"2304257XX4","2023-04-25",5,"167.03"
"2304257XX5","2023-04-25",697,"174.02"
"2304257XX6","2023-04-25",327,"498.67"
"2304257XX7","2023-04-25",465,"210.32"
"2304267XX1","2023-04-26",183,"226.62"
"2304267XX2","2023-04-26",282,"380.07"
"2304267XX3","2023-04-26",755,"163.56"
"2304267XX4","2023-04-26",151,"254.68"
"2304267XX5","2023-04-26",618,"419.23"
"2304267XX6","2023-04-26",67,"195.90"
"2304277XX1","2023-04-27",767,"404.69"
"2304277XX2","2023-04-27",158,"469.21"
"2304277XX3","2023-04-27",412,"434.18"
"2304277XX4","2023-04-27",285,"61.02"
"2304277XX5","2023-04-27",319,"164.69"
"2304287XX1","2023-04-28",449,"160.84"
"2304287XX2","2023-04-28",212,"270.85"
"2304287XX3","2023-04-28",347,"497.82"
"2304287XX4","2023-04-28",557,"65.11"
"2304287XX5","2023-04-28",336,"198.17"
"2304297XX1","2023-04-29",425,"487.33"
"2304297XX2","2023-04-29",637,"402.65"
"2304297XX3","2023-04-29",160,"133.04"
"2304297XX4","2023-04-29",162,"126.54"
"2304297XX5","2023-04-29",719,"53.92"
"2304297XX6","2023-04-29",275,"164.43"
"2304297XX7","2023-04-29",546,"389.75"
"2304297XX8","2023-04-29",650,"450.43"
"2304307XX1","2023-04-30",156,"97.42"
"2304307XX2","2023-04-30",658,"133.05"
"2304307XX3","2023-04-30",650,"287.87"
"2304307XX4","2023-04-30",754,"201.35"
"2305017XX1","2023-05-01",629,"471.82"
"2305017XX2","2023-05-01",769,"462.54"
"2305017XX3","2023-05-01",156,"380.23"
"2305017XX4","2023-05-01",319,"371.28"
"2305017XX5","2023-05-01",217,"443.87"
"2305017XX6","2023-05-01",496,"224.93"
"2305017XX7","2023-05-01",387,"472.91"
"2305017XX8","2023-05-01",441,"261.27"
"2305027XX1","2023-05-02",575,"258.55"
"2305037XX1","2023-05-03",736,"153.10"
"2305037XX2","2023-05-03",180,"225.69"
"2305037XX3","2023-05-03",24,"338.22"
"2305037XX4","2023-05-03",594,"99.02"
"2305037XX5","2023-05-03",95,"490.59"
"2305037XX6","2023-05-03",139,"407.20"
"2305047XX1","2023-05-04",768,"447.49"
"2305047XX2","2023-05-04",653,"50.76"
"2305047XX3","2023-05-04",337,"134.87"
"2305047XX4","2023-05-04",485,"208.72"
"2305047XX5","2023-05-04",410,"92.23"
"2305047XX6","2023-05-04",108,"136.93"
"2305047XX7","2023-05-04",635,"490.75"
"2305057XX1","2023-05-05",696,"110.96"
"2305057XX2","2023-05-05",593,"58.99"
"2305057XX3","2023-05-05",38,"306.44"
"2305057XX4","2023-05-05",299,"216.48"
"2305057XX5","2023-05-05",113,"275.75"
"2305057XX6","2023-05-05",164,"452.97"
"2305057XX7","2023-05-05",303,"350.73"
"2305057XX8","2023-05-05",661,"411.38"
"2305057XX9","2023-05-05",162,"132.94"
"2305067XX1","2023-05-06",212,"442.24"
"2305067XX2","2023-05-06",293,"464.13"
"2305067XX3","2023-05-06",627,"397.67"
"2305067XX4","2023-05-06",385,"424.23"
"2305067XX5","2023-05-06",39,"351.89"
"2305067XX6","2023-05-06",145,"345.05"
"2305067XX7","2023-05-06",450,"371.02"
"2305067XX8","2023-05-06",712,"389.82"
"2305067XX9","2023-05-06",696,"452.95"
"2305067X10","2023-05-06",125,"112.04"
"2305067X11","2023-05-06",640,"407.99"
"2305077XX1","2023-05-07",729,"190.40"
"2305077XX2","2023-05-07",302,"376.95"
"2305077XX3","2023-05-07",367,"414.75"
"2305087XX1","2023-05-08",624,"352.70"
"2305087XX2","2023-05-08",446,"63.10"
"2305087XX3","2023-05-08",369,"43.81"
"2305087XX4","2023-05-08",608,"247.86"
"2305087XX5","2023-05-08",693,"170.10"
"2305087XX6","2023-05-08",157,"317.83"
"2305087XX7","2023-05-08",336,"146.16"
"2305087XX8","2023-05-08",270,"414.87"
"2305087XX9","2023-05-08",250,"309.50"
"2305087X10","2023-05-08",222,"270.86"
"2305097XX1","2023-05-09",203,"187.98"
"2305097XX2","2023-05-09",110,"366.58"
"2305097XX3","2023-05-09",396,"364.38"
"2305097XX4","2023-05-09",186,"320.83"
"2305097XX5","2023-05-09",390,"485.13"
"2305097XX6","2023-05-09",253,"93.53"
"2305097XX7","2023-05-09",609,"452.19"
"2305097XX8","2023-05-09",666,"368.24"
"2305097XX9","2023-05-09",713,"259.25"
"2305107XX1","2023-05-10",566,"384.16"
"2305107XX2","2023-05-10",63,"145.50"
"2305107XX3","2023-05-10",133,"82.99"
"2305107XX4","2023-05-10",271,"395.39"
"2305107XX5","2023-05-10",252,"244.07"
"2305107XX6","2023-05-10",365,"103.04"
"2305107XX7","2023-05-10",691,"179.24"
"2305107XX8","2023-05-10",91,"134.06"
"2305117XX1","2023-05-11",25,"468.83"
"2305117XX2","2023-05-11",208,"133.25"
"2305117XX3","2023-05-11",687,"283.11"
"2305117XX4","2023-05-11",105,"118.51"
"2305117XX5","2023-05-11",529,"313.13"
"2305127XX1","2023-05-12",112,"457.33"
"2305137XX1","2023-05-13",501,"202.85"
"2305137XX2","2023-05-13",244,"234.10"
"2305137XX3","2023-05-13",306,"114.29"
"2305137XX4","2023-05-13",459,"287.46"
"2305137XX5","2023-05-13",423,"392.05"
"2305137XX6","2023-05-13",95,"123.08"
"2305137XX7","2023-05-13",65,"305.94"
"2305137XX8","2023-05-13",190,"338.71"
"2305147XX1","2023-05-14",297,"470.78"
"2305147XX2","2023-05-14",179,"368.36"
"2305147XX3","2023-05-14",98,"325.11"
"2305147XX4","2023-05-14",422,"79.91"
"2305157XX1","2023-05-15",380,"49.79"
"2305157XX2","2023-05-15",101,"380.79"
"2305157XX3","2023-05-15",478,"152.84"
"2305167XX1","2023-05-16",131,"79.05"
"2305167XX2","2023-05-16",199,"319.16"
"2305167XX3","2023-05-16",731,"142.72"
"2305167XX4","2023-05-16",279,"197.22"
"2305177XX1","2023-05-17",465,"378.45"
"2305177XX2","2023-05-17",28,"457.81"
"2305177XX3","2023-05-17",633,"423.51"
"2305177XX4","2023-05-17",296,"460.95"
"2305177XX5","2023-05-17",443,"453.07"
"2305177XX6","2023-05-17",616,"293.39"
"2305177XX7","2023-05-17",43,"87.23"
"2305177XX8","2023-05-17",51,"253.58"
"2305177XX9","2023-05-17",757,"426.86"
"2305187XX1","2023-05-18",517,"146.78"
"2305187XX2","2023-05-18",472,"51.48"
"2305187XX3","2023-05-18",387,"49.97"
"2305187XX4","2023-05-18",414,"107.46"
"2305187XX5","2023-05-18",460,"350.18"
"2305197XX1","2023-05-19",28,"328.83"
"2305197XX2","2023-05-19",13,"73.55"
"2305197XX3","2023-05-19",437,"237.88"
"2305197XX4","2023-05-19",475,"312.10"
"2305197XX5","2023-05-19",288,"386.14"
"2305197XX6","2023-05-19",459,"343.95"
"2305197XX7","2023-05-19",91,"359.47"
"2305207XX1","2023-05-20",425,"101.60"
"2305207XX2","2023-05-20",672,"273.41"
"2305207XX3","2023-05-20",299,"277.97"
"2305207XX4","2023-05-20",74,"171.43"
"2305207XX5","2023-05-20",287,"112.35"
"2305207XX6","2023-05-20",586,"212.12"
"2305207XX7","2023-05-20",200,"106.66"
"2305207XX8","2023-05-20",464,"187.63"
"2305207XX9","2023-05-20",513,"140.70"
"2305217XX1","2023-05-21",4,"401.29"
"2305217XX2","2023-05-21",358,"232.99"
"2305217XX3","2023-05-21",688,"341.57"
"2305217XX4","2023-05-21",13,"240.84"
"2305217XX5","2023-05-21",428,"318.29"
"2305217XX6","2023-05-21",455,"342.91"
"2305217XX7","2023-05-21",394,"193.36"
"2305227XX1","2023-05-22",114,"320.94"
"2305227XX2","2023-05-22",474,"469.09"
"2305227XX3","2023-05-22",301,"335.83"
"2305227XX4","2023-05-22",721,"45.91"
"2305227XX5","2023-05-22",427,"45.82"
"2305237XX1","2023-05-23",501,"149.90"
"2305237XX2","2023-05-23",367,"284.53"
"2305237XX3","2023-05-23",465,"190.61"
"2305237XX4","2023-05-23",638,"474.38"
"2305237XX5","2023-05-23",145,"156.42"
"2305247XX1","2023-05-24",747,"291.24"
"2305247XX2","2023-05-24",332,"181.84"
"2305247XX3","2023-05-24",4,"214.22"
"2305247XX4","2023-05-24",68,"400.17"
"2305247XX5","2023-05-24",763,"455.93"
"2305247XX6","2023-05-24",107,"412.53"
"2305247XX7","2023-05-24",525,"257.36"
"2305247XX8","2023-05-24",266,"283.31"
"2305247XX9","2023-05-24",254,"219.79"
"2305247X10","2023-05-24",311,"316.09"
"2305247X11","2023-05-24",430,"363.18"
"2305257XX1","2023-05-25",83,"447.83"
"2305257XX2","2023-05-25",111,"268.48"
"2305257XX3","2023-05-25",517,"203.83"
"2305257XX4","2023-05-25",159,"479.18"
"2305257XX5","2023-05-25",275,"62.63"
"2305257XX6","2023-05-25",3,"419.47"
"2305257XX7","2023-05-25",242,"148.74"
"2305257XX8","2023-05-25",355,"393.30"
"2305267XX1","2023-05-26",125,"324.98"
"2305267XX2","2023-05-26",135,"51.45"
"2305267XX3","2023-05-26",389,"309.95"
"2305267XX4","2023-05-26",272,"77.80"
"2305267XX5","2023-05-26",285,"188.94"
"2305277XX1","2023-05-27",422,"406.41"
"2305277XX2","2023-05-27",279,"49.77"
"2305277XX3","2023-05-27",588,"251.79"
"2305277XX4","2023-05-27",761,"104.23"
"2305277XX5","2023-05-27",735,"392.37"
"2305277XX6","2023-05-27",309,"438.76"
"2305287XX1","2023-05-28",386,"237.57"
"2305287XX2","2023-05-28",23,"326.91"
"2305287XX3","2023-05-28",242,"443.56"
"2305287XX4","2023-05-28",582,"366.46"
"2305287XX5","2023-05-28",551,"208.28"
"2305287XX6","2023-05-28",130,"45.83"
"2305287XX7","2023-05-28",723,"315.77"
"2305287XX8","2023-05-28",558,"338.55"
"2305297XX1","2023-05-29",200,"136.11"
"2305297XX2","2023-05-29",180,"174.18"
"2305297XX3","2023-05-29",566,"303.83"
"2305307XX1","2023-05-30",182,"340.04"
"2305307XX2","2023-05-30",335,"111.44"
"2305307XX3","2023-05-30",88,"66.45"
"2305307XX4","2023-05-30",104,"400.35"
"2305317XX1","2023-05-31",150,"429.33"
"2305317XX2","2023-05-31",74,"438.60"
"2305317XX3","2023-05-31",167,"460.61"
"2305317XX4","2023-05-31",421,"422.56"
"2305317XX5","2023-05-31",688,"60.34"
"2306017XX1","2023-06-01",253,"84.90"
"2306017XX2","2023-06-01",298,"370.88"
"2306017XX3","2023-06-01",251,"225.25"
"2306017XX4","2023-06-01",658,"455.06"
"2306017XX5","2023-06-01",36,"471.38"
"2306017XX6","2023-06-01",312,"443.66"
"2306017XX7","2023-06-01",200,"310.64"
"2306017XX8","2023-06-01",485,"312.17"
"2306027XX1","2023-06-02",32,"264.75"
"2306027XX2","2023-06-02",453,"296.53"
"2306027XX3","2023-06-02",668,"307.09"
"2306027XX4","2023-06-02",352,"140.95"
"2306027XX5","2023-06-02",407,"136.23"
"2306027XX6","2023-06-02",150,"121.31"
"2306027XX7","2023-06-02",241,"387.23"
"2306037XX1","2023-06-03",147,"263.85"
"2306037XX2","2023-06-03",209,"195.49"
"2306037XX3","2023-06-03",238,"213.85"
"2306037XX4","2023-06-03",55,"424.94"
"2306037XX5","2023-06-03",106,"217.36"
"2306037XX6","2023-06-03",576,"315.91"
"2306037XX7","2023-06-03",732,"390.28"
"2306047XX1","2023-06-04",20,"395.05"
"2306047XX2","2023-06-04",549,"247.08"
"2306047XX3","2023-06-04",273,"125.23"
"2306047XX4","2023-06-04",174,"118.48"
"2306047XX5","2023-06-04",339,"481.31"
"2306047XX6","2023-06-04",294,"443.40"
"2306047XX7","2023-06-04",590,"109.35"
"2306047XX8","2023-06-04",546,"76.65"
"2306057XX1","2023-06-05",19,"140.13"
"2306057XX2","2023-06-05",134,"194.23"
"2306057XX3","2023-06-05",425,"108.08"
"2306067XX1","2023-06-06",507,"99.41"
"2306067XX2","2023-06-06",744,"301.33"
"2306067XX3","2023-06-06",497,"497.62"
"2306067XX4","2023-06-06",737,"411.12"
"2306067XX5","2023-06-06",303,"311.37"
"2306077XX1","2023-06-07",11,"244.95"
"2306077XX2","2023-06-07",111,"308.07"
"2306077XX3","2023-06-07",63,"119.39"
"2306077XX4","2023-06-07",296,"99.76"
"2306077XX5","2023-06-07",505,"467.19"
"2306077XX6","2023-06-07",277,"118.96"
"2306077XX7","2023-06-07",645,"205.31"
"2306077XX8","2023-06-07",520,"169.61"
"2306077XX9","2023-06-07",24,"79.49"
"2306087XX1","2023-06-08",2,"243.16"
"2306087XX2","2023-06-08",546,"420.37"
"2306087XX3","2023-06-08",5,"190.84"
"2306087XX4","2023-06-08",60,"42.15"
"2306087XX5","2023-06-08",50,"195.70"
"2306097XX1","2023-06-09",582,"297.48"
"2306097XX2","2023-06-09",345,"481.05"
"2306097XX3","2023-06-09",201,"440.94"
"2306097XX4","2023-06-09",1,"233.06"
"2306097XX5","2023-06-09",453,"106.04"
"2306097XX6","2023-06-09",490,"417.56"
"2306097XX7","2023-06-09",374,"384.83"
"2306097XX8","2023-06-09",591,"44.85"
"2306107XX1","2023-06-10",623,"206.84"
"2306107XX2","2023-06-10",214,"465.52"
"2306107XX3","2023-06-10",472,"472.53"
"2306107XX4","2023-06-10",629,"148.60"
"2306107XX5","2023-06-10",140,"139.70"
"2306117XX1","2023-06-11",487,"398.73"
"2306117XX2","2023-06-11",130,"440.11"
"2306117XX3","2023-06-11",87,"428.17"
"2306117XX4","2023-06-11",319,"437.18"
"2306117XX5","2023-06-11",545,"165.91"
"2306117XX6","2023-06-11",427,"467.37"
"2306117XX7","2023-06-11",645,"53.07"
"2306127XX1","2023-06-12",90,"412.44"
"2306127XX2","2023-06-12",114,"163.68"
"2306127XX3","2023-06-12",450,"412.49"
"2306127XX4","2023-06-12",575,"497.34"
"2306137XX1","2023-06-13",75,"457.39"
"2306137XX2","2023-06-13",268,"489.42"
"2306137XX3","2023-06-13",582,"79.83"
"2306137XX4","2023-06-13",331,"481.53"
"2306137XX5","2023-06-13",374,"317.20"
"2306147XX1","2023-06-14",351,"425.59"
"2306147XX2","2023-06-14",79,"168.48"
"2306147XX3","2023-06-14",384,"474.53"
"2306147XX4","2023-06-14",106,"40.05"
"2306147XX5","2023-06-14",278,"320.83"
"2306147XX6","2023-06-14",323,"217.11"
"2306147XX7","2023-06-14",238,"191.42"
"2306147XX8","2023-06-14",730,"446.45"
"2306147XX9","2023-06-14",593,"253.36"
"2306147X10","2023-06-14",23,"318.85"
"2306147X11","2023-06-14",766,"218.15"
"2306157XX1","2023-06-15",680,"350.02"
"2306157XX2","2023-06-15",279,"124.19"
"2306157XX3","2023-06-15",152,"206.97"
"2306157XX4","2023-06-15",566,"64.88"
"2306157XX5","2023-06-15",577,"382.88"
"2306157XX6","2023-06-15",492,"208.65"
"2306157XX7","2023-06-15",558,"70.92"
"2306167XX1","2023-06-16",53,"89.07"
"2306167XX2","2023-06-16",25,"430.44"
"2306167XX3","2023-06-16",432,"181.17"
"2306167XX4","2023-06-16",362,"241.93"
"2306167XX5","2023-06-16",415,"96.11"
"2306167XX6","2023-06-16",771,"132.28"
"2306167XX7","2023-06-16",8,"119.70"
"2306167XX8","2023-06-16",369,"497.35"
"2306167XX9","2023-06-16",423,"234.31"
"2306177XX1","2023-06-17",663,"384.16"
"2306177XX2","2023-06-17",575,"312.91"
"2306177XX3","2023-06-17",387,"297.51"
"2306177XX4","2023-06-17",357,"84.47"
"2306177XX5","2023-06-17",209,"253.93"
"2306177XX6","2023-06-17",431,"172.50"
"2306177XX7","2023-06-17",42,"322.91"
"2306177XX8","2023-06-17",343,"210.24"
"2306177XX9","2023-06-17",82,"82.55"
"2306177X10","2023-06-17",281,"279.19"
"2306177X11","2023-06-17",433,"483.24"
"2306177X12","2023-06-17",320,"436.46"
"2306187XX1","2023-06-18",508,"338.91"
"2306187XX2","2023-06-18",448,"90.51"
"2306187XX3","2023-06-18",33,"154.93"
"2306197XX1","2023-06-19",463,"482.54"
"2306197XX2","2023-06-19",711,"445.74"
"2306197XX3","2023-06-19",577,"268.22"
"2306197XX4","2023-06-19",239,"113.30"
"2306197XX5","2023-06-19",32,"385.14"
"2306197XX6","2023-06-19",481,"303.98"
"2306197XX7","2023-06-19",257,"91.23"
"2306197XX8","2023-06-19",69,"457.07"
"2306207XX1","2023-06-20",211,"491.16"
"2306207XX2","2023-06-20",563,"406.49"
"2306207XX3","2023-06-20",506,"53.62"
"2306207XX4","2023-06-20",386,"156.10"
"2306207XX5","2023-06-20",29,"331.34"
"2306207XX6","2023-06-20",161,"225.17"
"2306227XX1","2023-06-22",712,"194.23"
"2306227XX2","2023-06-22",547,"462.23"
"2306227XX3","2023-06-22",697,"109.67"
"2306227XX4","2023-06-22",662,"274.95"
"2306227XX5","2023-06-22",624,"56.42"
"2306227XX6","2023-06-22",432,"465.50"
"2306227XX7","2023-06-22",397,"171.88"
"2306227XX8","2023-06-22",491,"165.41"
"2306227XX9","2023-06-22",294,"275.60"
"2306227X10","2023-06-22",384,"406.18"
"2306227X11","2023-06-22",581,"342.58"
"2306237XX1","2023-06-23",566,"125.61"
"2306237XX2","2023-06-23",740,"255.73"
"2306237XX3","2023-06-23",479,"193.17"
"2306237XX4","2023-06-23",285,"91.38"
"2306237XX5","2023-06-23",738,"425.64"
"2306247XX1","2023-06-24",17,"277.87"
"2306247XX2","2023-06-24",250,"329.48"
"2306247XX3","2023-06-24",425,"478.53"
"2306247XX4","2023-06-24",661,"69.68"
"2306247XX5","2023-06-24",190,"372.69"
"2306247XX6","2023-06-24",716,"240.53"
"2306247XX7","2023-06-24",352,"189.46"
"2306247XX8","2023-06-24",18,"81.28"
"2306257XX1","2023-06-25",423,"313.91"
"2306267XX1","2023-06-26",672,"405.20"
"2306267XX2","2023-06-26",603,"488.40"
"2306267XX3","2023-06-26",206,"361.96"
"2306267XX4","2023-06-26",644,"373.58"
"2306267XX5","2023-06-26",453,"269.94"
"2306267XX6","2023-06-26",285,"387.59"
"2306277XX1","2023-06-27",710,"148.25"
"2306277XX2","2023-06-27",675,"316.17"
"2306277XX3","2023-06-27",74,"437.85"
"2306287XX1","2023-06-28",492,"180.02"
"2306297XX1","2023-06-29",163,"162.32"
"2306297XX2","2023-06-29",640,"185.09"
"2306297XX3","2023-06-29",177,"470.10"
"2306297XX4","2023-06-29",473,"315.34"
"2306297XX5","2023-06-29",495,"404.07"
"2306307XX1","2023-06-30",206,"317.53"
"2306307XX2","2023-06-30",570,"351.17"
"2306307XX3","2023-06-30",575,"319.54"
"2306307XX4","2023-06-30",404,"65.25"
"2306307XX5","2023-06-30",472,"250.96"
"2306307XX6","2023-06-30",314,"498.93"
"2307017XX1","2023-07-01",663,"40.42"
"2307017XX2","2023-07-01",133,"313.35"
"2307017XX3","2023-07-01",449,"276.02"
"2307017XX4","2023-07-01",465,"137.56"
"2307017XX5","2023-07-01",298,"132.21"
"2307017XX6","2023-07-01",268,"239.77"
"2307017XX7","2023-07-01",413,"291.98"
"2307027XX1","2023-07-02",281,"43.58"
"2307027XX2","2023-07-02",674,"438.07"
"2307027XX3","2023-07-02",743,"336.43"
"2307027XX4","2023-07-02",145,"426.69"
"2307027XX5","2023-07-02",570,"89.77"
"2307027XX6","2023-07-02",24,"339.19"
"2307027XX7","2023-07-02",708,"244.55"
"2307027XX8","2023-07-02",650,"373.24"
"2307027XX9","2023-07-02",544,"273.11"
"2307037XX1","2023-07-03",335,"164.24"
"2307037XX2","2023-07-03",194,"48.94"
"2307037XX3","2023-07-03",624,"211.23"
"2307037XX4","2023-07-03",690,"156.64"
"2307037XX5","2023-07-03",554,"187.84"
"2307037XX6","2023-07-03",527,"40.86"
"2307057XX1","2023-07-05",626,"110.08"
"2307057XX2","2023-07-05",293,"346.30"
"2307057XX3","2023-07-05",228,"312.05"
"2307057XX4","2023-07-05",693,"482.48"
"2307057XX5","2023-07-05",542,"153.98"
"2307057XX6","2023-07-05",45,"121.11"
"2307067XX1","2023-07-06",765,"393.05"
"2307067XX2","2023-07-06",656,"159.78"
"2307067XX3","2023-07-06",60,"347.04"
"2307067XX4","2023-07-06",766,"184.25"
"2307067XX5","2023-07-06",574,"200.20"
"2307067XX6","2023-07-06",604,"335.79"
"2307077XX1","2023-07-07",756,"267.40"
"2307077XX2","2023-07-07",520,"306.85"
"2307077XX3","2023-07-07",470,"330.41"
"2307077XX4","2023-07-07",178,"141.52"
"2307077XX5","2023-07-07",267,"497.37"
"2307077XX6","2023-07-07",394,"237.07"
"2307087XX1","2023-07-08",326,"377.55"
"2307087XX2","2023-07-08",549,"299.65"
"2307087XX3","2023-07-08",329,"273.10"
"2307087XX4","2023-07-08",218,"277.57"
"2307087XX5","2023-07-08",668,"61.44"
"2307087XX6","2023-07-08",296,"280.56"
"2307087XX7","2023-07-08",570,"153.84"
"2307097XX1","2023-07-09",422,"67.71"
"2307097XX2","2023-07-09",678,"156.99"
"2307097XX3","2023-07-09",63,"462.48"
"2307097XX4","2023-07-09",531,"274.08"
"2307107XX1","2023-07-10",24,"62.65"
"2307107XX2","2023-07-10",754,"149.85"
"2307107XX3","2023-07-10",104,"335.26"
"2307107XX4","2023-07-10",488,"318.82"
"2307107XX5","2023-07-10",32,"140.72"
"2307107XX6","2023-07-10",409,"92.53"
"2307107XX7","2023-07-10",608,"431.20"
"2307117XX1","2023-07-11",52,"392.44"
"2307117XX2","2023-07-11",654,"358.46"
"2307117XX3","2023-07-11",252,"248.45"
"2307117XX4","2023-07-11",422,"352.08"
"2307117XX5","2023-07-11",698,"88.44"
"2307117XX6","2023-07-11",652,"144.76"
"2307117XX7","2023-07-11",335,"178.38"
"2307127XX1","2023-07-12",258,"420.94"
"2307127XX2","2023-07-12",2,"370.13"
"2307127XX3","2023-07-12",367,"382.73"
"2307127XX4","2023-07-12",361,"352.64"
"2307127XX5","2023-07-12",656,"368.16"
"2307127XX6","2023-07-12",692,"66.39"
"2307127XX7","2023-07-12",525,"390.27"
"2307127XX8","2023-07-12",86,"286.39"
"2307127XX9","2023-07-12",477,"274.52"
"2307137XX1","2023-07-13",74,"425.80"
"2307137XX2","2023-07-13",669,"308.57"
"2307137XX3","2023-07-13",69,"326.55"
"2307137XX4","2023-07-13",64,"111.49"
"2307147XX1","2023-07-14",328,"253.82"
"2307147XX2","2023-07-14",519,"382.73"
"2307147XX3","2023-07-14",754,"138.29"
"2307147XX4","2023-07-14",447,"213.68"
"2307147XX5","2023-07-14",48,"310.93"
"2307147XX6","2023-07-14",342,"360.09"
"2307157XX1","2023-07-15",238,"292.97"
"2307157XX2","2023-07-15",675,"338.18"
"2307157XX3","2023-07-15",294,"231.36"
"2307157XX4","2023-07-15",349,"169.74"
"2307157XX5","2023-07-15",234,"142.31"
"2307157XX6","2023-07-15",252,"343.26"
"2307157XX7","2023-07-15",467,"365.37"
"2307157XX8","2023-07-15",459,"140.13"
"2307167XX1","2023-07-16",447,"323.90"
"2307167XX2","2023-07-16",484,"300.10"
"2307167XX3","2023-07-16",66,"342.89"
"2307177XX1","2023-07-17",632,"223.44"
"2307177XX2","2023-07-17",766,"80.87"
"2307187XX1","2023-07-18",292,"464.11"
"2307187XX2","2023-07-18",502,"353.67"
"2307187XX3","2023-07-18",71,"298.59"
"2307187XX4","2023-07-18",354,"466.41"
"2307187XX5","2023-07-18",481,"318.79"
"2307187XX6","2023-07-18",391,"285.77"
"2307187XX7","2023-07-18",704,"199.06"
"2307187XX8","2023-07-18",109,"122.83"
"2307187XX9","2023-07-18",700,"139.66"
"2307197XX1","2023-07-19",601,"396.98"
"2307197XX2","2023-07-19",692,"199.06"
"2307197XX3","2023-07-19",65,"365.02"
"2307197XX4","2023-07-19",159,"103.60"
"2307197XX5","2023-07-19",6,"141.04"
"2307197XX6","2023-07-19",414,"340.71"
"2307197XX7","2023-07-19",109,"322.76"
"2307207XX1","2023-07-20",633,"470.40"
"2307207XX2","2023-07-20",526,"369.26"
"2307207XX3","2023-07-20",665,"496.67"
"2307207XX4","2023-07-20",417,"58.94"
"2307207XX5","2023-07-20",43,"334.89"
"2307217XX1","2023-07-21",299,"318.24"
"2307217XX2","2023-07-21",378,"471.50"
"2307217XX3","2023-07-21",306,"485.08"
"2307217XX4","2023-07-21",592,"191.34"
"2307217XX5","2023-07-21",395,"477.92"
"2307217XX6","2023-07-21",519,"476.04"
"2307227XX1","2023-07-22",128,"324.46"
"2307227XX2","2023-07-22",609,"422.12"
"2307227XX3","2023-07-22",596,"152.11"
"2307227XX4","2023-07-22",640,"362.03"
"2307227XX5","2023-07-22",231,"313.56"
"2307227XX6","2023-07-22",425,"109.70"
"2307227XX7","2023-07-22",57,"464.02"
"2307227XX8","2023-07-22",380,"95.27"
"2307237XX1","2023-07-23",178,"425.82"
"2307237XX2","2023-07-23",674,"144.05"
"2307247XX1","2023-07-24",136,"412.83"
"2307247XX2","2023-07-24",622,"261.63"
"2307247XX3","2023-07-24",243,"454.74"
"2307247XX4","2023-07-24",155,"349.16"
"2307247XX5","2023-07-24",74,"85.57"
"2307247XX6","2023-07-24",549,"183.28"
"2307247XX7","2023-07-24",422,"483.70"
"2307247XX8","2023-07-24",460,"338.90"
"2307247XX9","2023-07-24",459,"232.98"
"2307257XX1","2023-07-25",644,"110.15"
"2307257XX2","2023-07-25",556,"268.56"
"2307257XX3","2023-07-25",41,"496.72"
"2307257XX4","2023-07-25",174,"355.79"
"2307257XX5","2023-07-25",101,"211.27"
"2307257XX6","2023-07-25",400,"252.28"
"2307257XX7","2023-07-25",305,"192.59"
"2307257XX8","2023-07-25",678,"377.16"
"2307267XX1","2023-07-26",616,"295.05"
"2307267XX2","2023-07-26",560,"213.65"
"2307267XX3","2023-07-26",518,"300.59"
"2307267XX4","2023-07-26",639,"375.12"
"2307267XX5","2023-07-26",73,"474.14"
"2307267XX6","2023-07-26",144,"384.47"
"2307267XX7","2023-07-26",572,"292.54"
"2307277XX1","2023-07-27",614,"164.32"
"2307277XX2","2023-07-27",373,"246.54"
"2307277XX3","2023-07-27",199,"403.94"
"2307277XX4","2023-07-27",141,"294.98"
"2307277XX5","2023-07-27",692,"445.01"
"2307277XX6","2023-07-27",694,"490.40"
"2307287XX1","2023-07-28",75,"358.83"
"2307287XX2","2023-07-28",624,"82.33"
"2307287XX3","2023-07-28",499,"366.93"
"2307287XX4","2023-07-28",280,"289.67"
"2307287XX5","2023-07-28",591,"194.97"
"2307287XX6","2023-07-28",522,"367.37"
"2307287XX7","2023-07-28",92,"85.10"
"2307297XX1","2023-07-29",643,"288.75"
"2307297XX2","2023-07-29",767,"396.25"
"2307297XX3","2023-07-29",263,"203.76"
"2307297XX4","2023-07-29",649,"472.45"
"2307297XX5","2023-07-29",10,"57.58"
"2307297XX6","2023-07-29",195,"72.06"
"2307307XX1","2023-07-30",378,"309.57"
"2307307XX2","2023-07-30",104,"55.80"
"2307307XX3","2023-07-30",291,"140.11"
"2307307XX4","2023-07-30",150,"141.55"
"2307307XX5","2023-07-30",13,"434.94"
"2307307XX6","2023-07-30",4,"178.58"
"2307307XX7","2023-07-30",510,"245.86"
"2307307XX8","2023-07-30",432,"289.19"
"2307317XX1","2023-07-31",613,"142.00"
"2307317XX2","2023-07-31",736,"143.02"
"2307317XX3","2023-07-31",719,"216.20"
"2307317XX4","2023-07-31",195,"204.05"
"2308017XX1","2023-08-01",604,"281.28"
"2308017XX2","2023-08-01",594,"173.47"
"2308017XX3","2023-08-01",298,"58.04"
"2308017XX4","2023-08-01",504,"348.50"
"2308017XX5","2023-08-01",414,"324.76"
"2308017XX6","2023-08-01",82,"488.97"
"2308027XX1","2023-08-02",549,"72.42"
"2308027XX2","2023-08-02",740,"252.02"
"2308027XX3","2023-08-02",501,"96.61"
"2308027XX4","2023-08-02",446,"390.77"
"2308037XX1","2023-08-03",16,"267.75"
"2308037XX2","2023-08-03",231,"375.49"
"2308047XX1","2023-08-04",410,"242.00"
"2308047XX2","2023-08-04",15,"374.09"
"2308047XX3","2023-08-04",191,"207.59"
"2308047XX4","2023-08-04",262,"265.97"
"2308047XX5","2023-08-04",299,"242.32"
"2308047XX6","2023-08-04",85,"96.51"
"2308057XX1","2023-08-05",734,"318.47"
"2308057XX2","2023-08-05",146,"189.18"
"2308057XX3","2023-08-05",264,"434.43"
"2308057XX4","2023-08-05",329,"244.16"
"2308057XX5","2023-08-05",614,"121.15"
"2308057XX6","2023-08-05",741,"437.45"
"2308057XX7","2023-08-05",571,"323.83"
"2308057XX8","2023-08-05",169,"111.78"
"2308057XX9","2023-08-05",684,"412.83"
"2308057X10","2023-08-05",534,"362.03"
"2308067XX1","2023-08-06",347,"47.62"
"2308067XX2","2023-08-06",267,"388.48"
"2308067XX3","2023-08-06",364,"319.66"
"2308067XX4","2023-08-06",733,"284.99"
"2308067XX5","2023-08-06",232,"385.23"
"2308067XX6","2023-08-06",645,"354.84"
"2308077XX1","2023-08-07",114,"274.01"
"2308077XX2","2023-08-07",293,"305.15"
"2308077XX3","2023-08-07",272,"423.94"
"2308077XX4","2023-08-07",147,"316.96"
"2308077XX5","2023-08-07",225,"343.62"
"2308077XX6","2023-08-07",227,"257.96"
"2308087XX1","2023-08-08",96,"260.57"
"2308087XX2","2023-08-08",319,"277.29"
"2308087XX3","2023-08-08",458,"489.83"
"2308087XX4","2023-08-08",355,"197.26"
"2308087XX5","2023-08-08",459,"182.43"
"2308087XX6","2023-08-08",572,"141.79"
"2308087XX7","2023-08-08",314,"268.09"
"2308097XX1","2023-08-09",151,"273.73"
"2308097XX2","2023-08-09",521,"466.89"
"2308097XX3","2023-08-09",418,"229.38"
"2308097XX4","2023-08-09",541,"236.02"
"2308097XX5","2023-08-09",415,"493.65"
"2308097XX6","2023-08-09",58,"46.99"
"2308097XX7","2023-08-09",405,"88.41"
"2308097XX8","2023-08-09",719,"318.35"
"2308097XX9","2023-08-09",246,"106.12"
"2308097X10","2023-08-09",650,"90.09"
"2308107XX1","2023-08-10",670,"307.54"
"2308107XX2","2023-08-10",213,"303.59"
"2308107XX3","2023-08-10",378,"355.71"
"2308107XX4","2023-08-10",501,"235.17"
"2308107XX5","2023-08-10",685,"248.10"
"2308107XX6","2023-08-10",165,"464.67"
"2308117XX1","2023-08-11",290,"169.60"
"2308117XX2","2023-08-11",263,"421.31"
"2308127XX1","2023-08-12",21,"244.00"
"2308127XX2","2023-08-12",139,"341.72"
"2308127XX3","2023-08-12",209,"473.25"
"2308127XX4","2023-08-12",581,"173.18"
"2308137XX1","2023-08-13",152,"250.78"
"2308137XX2","2023-08-13",423,"204.35"
"2308137XX3","2023-08-13",60,"236.94"
"2308137XX4","2023-08-13",58,"52.02"
"2308137XX5","2023-08-13",75,"140.50"
"2308147XX1","2023-08-14",657,"280.00"
"2308147XX2","2023-08-14",105,"327.29"
"2308147XX3","2023-08-14",345,"457.17"
"2308147XX4","2023-08-14",368,"196.16"
"2308147XX5","2023-08-14",63,"391.38"
"2308147XX6","2023-08-14",93,"210.04"
"2308147XX7","2023-08-14",218,"152.32"
"2308147XX8","2023-08-14",108,"161.35"
"2308147XX9","2023-08-14",767,"419.39"
"2308147X10","2023-08-14",177,"475.19"
"2308147X11","2023-08-14",598,"42.96"
"2308147X12","2023-08-14",659,"316.90"
"2308147X13","2023-08-14",746,"118.50"
"2308157XX1","2023-08-15",226,"56.06"
"2308157XX2","2023-08-15",504,"299.83"
"2308157XX3","2023-08-15",203,"387.76"
"2308157XX4","2023-08-15",637,"119.57"
"2308157XX5","2023-08-15",70,"420.31"
"2308157XX6","2023-08-15",564,"147.39"
"2308157XX7","2023-08-15",106,"372.64"
"2308157XX8","2023-08-15",61,"376.74"
"2308157XX9","2023-08-15",399,"371.63"
"2308157X10","2023-08-15",151,"412.00"
"2308157X11","2023-08-15",754,"285.29"
"2308157X12","2023-08-15",194,"417.47"
"2308157X13","2023-08-15",291,"171.22"
"2308157X14","2023-08-15",442,"200.45"
"2308157X15","2023-08-15",292,"188.60"
"2308167XX1","2023-08-16",241,"207.16"
"2308167XX2","2023-08-16",152,"246.51"
"2308167XX3","2023-08-16",570,"101.04"
"2308167XX4","2023-08-16",106,"78.21"
"2308167XX5","2023-08-16",347,"387.36"
"2308167XX6","2023-08-16",725,"386.01"
"2308177XX1","2023-08-17",654,"468.19"
"2308177XX2","2023-08-17",44,"149.81"
"2308177XX3","2023-08-17",291,"80.69"
"2308177XX4","2023-08-17",134,"70.99"
"2308177XX5","2023-08-17",580,"170.79"
"2308187XX1","2023-08-18",194,"486.09"
"2308187XX2","2023-08-18",415,"466.94"
"2308187XX3","2023-08-18",335,"146.50"
"2308187XX4","2023-08-18",366,"344.48"
"2308187XX5","2023-08-18",31,"457.37"
"2308197XX1","2023-08-19",389,"254.57"
"2308197XX2","2023-08-19",731,"222.81"
"2308197XX3","2023-08-19",519,"90.28"
"2308197XX4","2023-08-19",286,"92.18"
"2308197XX5","2023-08-19",446,"136.99"
"2308197XX6","2023-08-19",195,"59.45"
"2308197XX7","2023-08-19",421,"170.73"
"2308207XX1","2023-08-20",519,"326.31"
"2308207XX2","2023-08-20",383,"346.55"
"2308207XX3","2023-08-20",232,"389.68"
"2308207XX4","2023-08-20",82,"242.85"
"2308207XX5","2023-08-20",598,"260.08"
"2308207XX6","2023-08-20",551,"295.18"
"2308217XX1","2023-08-21",215,"113.87"
"2308217XX2","2023-08-21",634,"381.04"
"2308217XX3","2023-08-21",206,"139.16"
"2308227XX1","2023-08-22",129,"335.52"
"2308227XX2","2023-08-22",406,"426.63"
"2308227XX3","2023-08-22",353,"300.37"
"2308227XX4","2023-08-22",511,"183.43"
"2308227XX5","2023-08-22",283,"410.12"
"2308227XX6","2023-08-22",725,"95.82"
"2308227XX7","2023-08-22",430,"329.73"
"2308227XX8","2023-08-22",516,"194.36"
"2308227XX9","2023-08-22",604,"239.69"
"2308227X10","2023-08-22",387,"205.48"
"2308227X11","2023-08-22",711,"475.09"
"2308237XX1","2023-08-23",349,"69.79"
"2308237XX2","2023-08-23",553,"256.06"
"2308237XX3","2023-08-23",639,"71.01"
"2308237XX4","2023-08-23",357,"306.77"
"2308237XX5","2023-08-23",135,"425.72"
"2308237XX6","2023-08-23",613,"239.81"
"2308237XX7","2023-08-23",625,"455.92"
"2308237XX8","2023-08-23",420,"126.25"
"2308247XX1","2023-08-24",301,"268.91"
"2308247XX2","2023-08-24",620,"148.40"
"2308247XX3","2023-08-24",455,"50.98"
"2308247XX4","2023-08-24",446,"318.35"
"2308247XX5","2023-08-24",37,"274.46"
"2308247XX6","2023-08-24",326,"421.20"
"2308257XX1","2023-08-25",492,"235.30"
"2308257XX2","2023-08-25",546,"113.41"
"2308257XX3","2023-08-25",738,"499.46"
"2308257XX4","2023-08-25",105,"87.73"
"2308257XX5","2023-08-25",676,"337.22"
"2308257XX6","2023-08-25",596,"95.01"
"2308257XX7","2023-08-25",133,"475.65"
"2308257XX8","2023-08-25",68,"137.30"
"2308257XX9","2023-08-25",264,"202.06"
"2308257X10","2023-08-25",63,"413.34"
"2308257X11","2023-08-25",756,"345.44"
"2308257X12","2023-08-25",618,"373.02"
"2308267XX1","2023-08-26",415,"177.31"
"2308267XX2","2023-08-26",624,"249.84"
"2308267XX3","2023-08-26",405,"336.81"
"2308267XX4","2023-08-26",74,"274.11"
"2308267XX5","2023-08-26",715,"402.33"
"2308267XX6","2023-08-26",773,"368.79"
"2308267XX7","2023-08-26",161,"256.17"
"2308267XX8","2023-08-26",49,"453.41"
"2308277XX1","2023-08-27",319,"374.95"
"2308277XX2","2023-08-27",527,"276.29"
"2308277XX3","2023-08-27",319,"363.08"
"2308277XX4","2023-08-27",125,"161.11"
"2308277XX5","2023-08-27",106,"415.85"
"2308277XX6","2023-08-27",573,"151.17"
"2308277XX7","2023-08-27",418,"330.08"
"2308287XX1","2023-08-28",551,"51.50"
"2308287XX2","2023-08-28",692,"441.52"
"2308287XX3","2023-08-28",224,"262.51"
"2308287XX4","2023-08-28",397,"281.15"
"2308287XX5","2023-08-28",196,"230.66"
"2308287XX6","2023-08-28",477,"475.06"
"2308297XX1","2023-08-29",367,"205.72"
"2308297XX2","2023-08-29",330,"456.83"
"2308297XX3","2023-08-29",386,"420.51"
"2308297XX4","2023-08-29",510,"330.29"
"2308297XX5","2023-08-29",200,"397.24"
"2308297XX6","2023-08-29",275,"74.28"
"2308297XX7","2023-08-29",383,"248.44"
"2308297XX8","2023-08-29",508,"117.64"
"2308297XX9","2023-08-29",11,"189.80"
"2308307XX1","2023-08-30",183,"317.31"
"2308307XX2","2023-08-30",202,"161.37"
"2308307XX3","2023-08-30",728,"456.82"
"2308307XX4","2023-08-30",672,"371.05"
"2308307XX5","2023-08-30",729,"66.80"
"2308307XX6","2023-08-30",729,"255.76"
"2308307XX7","2023-08-30",494,"138.88"
"2308317XX1","2023-08-31",739,"375.16"
"2308317XX2","2023-08-31",335,"476.27"
"2308317XX3","2023-08-31",644,"175.86"
"2309017XX1","2023-09-01",539,"167.20"
"2309017XX2","2023-09-01",574,"465.28"
"2309017XX3","2023-09-01",61,"158.41"
"2309017XX4","2023-09-01",149,"176.21"
"2309017XX5","2023-09-01",84,"176.36"
"2309027XX1","2023-09-02",509,"135.63"
"2309027XX2","2023-09-02",18,"151.79"
"2309027XX3","2023-09-02",224,"138.63"
"2309037XX1","2023-09-03",466,"417.27"
"2309037XX2","2023-09-03",203,"453.03"
"2309037XX3","2023-09-03",631,"70.68"
"2309037XX4","2023-09-03",720,"57.99"
"2309037XX5","2023-09-03",388,"175.35"
"2309037XX6","2023-09-03",562,"75.26"
"2309037XX7","2023-09-03",442,"263.14"
"2309037XX8","2023-09-03",521,"444.71"
"2309037XX9","2023-09-03",6,"448.91"
"2309037X10","2023-09-03",11,"140.66"
"2309037X11","2023-09-03",85,"403.52"
"2309037X12","2023-09-03",48,"291.18"
"2309037X13","2023-09-03",475,"472.37"
"2309047XX1","2023-09-04",587,"177.75"
"2309047XX2","2023-09-04",349,"191.39"
"2309047XX3","2023-09-04",759,"237.58"
"2309057XX1","2023-09-05",285,"150.43"
"2309057XX2","2023-09-05",148,"436.72"
"2309057XX3","2023-09-05",238,"279.84"
"2309057XX4","2023-09-05",769,"362.30"
"2309057XX5","2023-09-05",427,"421.08"
"2309067XX1","2023-09-06",427,"67.14"
"2309067XX2","2023-09-06",341,"477.65"
"2309067XX3","2023-09-06",151,"178.14"
"2309067XX4","2023-09-06",357,"424.89"
"2309067XX5","2023-09-06",541,"266.49"
"2309067XX6","2023-09-06",698,"95.46"
"2309067XX7","2023-09-06",570,"406.36"
"2309077XX1","2023-09-07",473,"55.74"
"2309077XX2","2023-09-07",742,"137.71"
"2309077XX3","2023-09-07",421,"428.00"
"2309077XX4","2023-09-07",579,"444.22"
"2309077XX5","2023-09-07",765,"119.54"
"2309077XX6","2023-09-07",268,"284.85"
"2309077XX7","2023-09-07",274,"340.06"
"2309077XX8","2023-09-07",445,"489.47"
"2309077XX9","2023-09-07",765,"399.31"
"2309087XX1","2023-09-08",720,"205.53"
"2309087XX2","2023-09-08",591,"159.55"
"2309087XX3","2023-09-08",153,"391.70"
"2309087XX4","2023-09-08",564,"64.61"
"2309087XX5","2023-09-08",348,"279.59"
"2309087XX6","2023-09-08",311,"134.50"
"2309087XX7","2023-09-08",401,"142.55"
"2309087XX8","2023-09-08",763,"237.27"
"2309087XX9","2023-09-08",663,"333.65"
"2309097XX1","2023-09-09",223,"317.06"
"2309097XX2","2023-09-09",117,"405.63"
"2309097XX3","2023-09-09",385,"437.38"
"2309107XX1","2023-09-10",123,"330.07"
"2309107XX2","2023-09-10",773,"265.96"
"2309107XX3","2023-09-10",386,"408.61"
"2309107XX4","2023-09-10",88,"293.53"
"2309107XX5","2023-09-10",55,"419.81"
"2309117XX1","2023-09-11",157,"77.77"
"2309117XX2","2023-09-11",597,"459.09"
"2309117XX3","2023-09-11",753,"308.73"
"2309117XX4","2023-09-11",24,"491.95"
"2309117XX5","2023-09-11",450,"326.73"
"2309117XX6","2023-09-11",335,"192.68"
"2309127XX1","2023-09-12",222,"367.22"
"2309127XX2","2023-09-12",284,"73.02"
"2309127XX3","2023-09-12",714,"300.91"
"2309127XX4","2023-09-12",496,"222.40"
"2309127XX5","2023-09-12",334,"313.41"
"2309127XX6","2023-09-12",199,"155.99"
"2309127XX7","2023-09-12",337,"299.24"
"2309137XX1","2023-09-13",186,"469.88"
"2309137XX2","2023-09-13",180,"65.61"
"2309137XX3","2023-09-13",626,"45.64"
"2309137XX4","2023-09-13",219,"466.24"
"2309147XX1","2023-09-14",638,"227.08"
"2309147XX2","2023-09-14",316,"425.16"
"2309157XX1","2023-09-15",43,"376.10"
"2309157XX2","2023-09-15",440,"241.64"
"2309157XX3","2023-09-15",436,"366.53"
"2309157XX4","2023-09-15",760,"280.15"
"2309157XX5","2023-09-15",220,"426.62"
"2309157XX6","2023-09-15",264,"47.15"
"2309167XX1","2023-09-16",140,"49.73"
"2309167XX2","2023-09-16",503,"154.74"
"2309167XX3","2023-09-16",593,"274.59"
"2309167XX4","2023-09-16",668,"350.07"
"2309167XX5","2023-09-16",173,"50.56"
"2309167XX6","2023-09-16",49,"388.31"
"2309167XX7","2023-09-16",403,"324.31"
"2309167XX8","2023-09-16",211,"76.16"
"2309167XX9","2023-09-16",112,"117.97"
"2309167X10","2023-09-16",550,"291.35"
"2309177XX1","2023-09-17",487,"119.41"
"2309177XX2","2023-09-17",618,"109.76"
"2309177XX3","2023-09-17",112,"315.15"
"2309177XX4","2023-09-17",260,"76.66"
"2309177XX5","2023-09-17",395,"423.12"
"2309177XX6","2023-09-17",519,"255.64"
"2309187XX1","2023-09-18",144,"73.95"
"2309187XX2","2023-09-18",239,"68.19"
"2309187XX3","2023-09-18",635,"459.43"
"2309187XX4","2023-09-18",218,"364.83"
"2309187XX5","2023-09-18",354,"290.46"
"2309197XX1","2023-09-19",612,"242.46"
"2309197XX2","2023-09-19",10,"220.93"
"2309197XX3","2023-09-19",598,"406.56"
"2309197XX4","2023-09-19",83,"452.31"
"2309197XX5","2023-09-19",47,"268.09"
"2309197XX6","2023-09-19",127,"119.67"
"2309207XX1","2023-09-20",42,"356.66"
"2309207XX2","2023-09-20",105,"383.98"
"2309207XX3","2023-09-20",405,"447.12"
"2309207XX4","2023-09-20",754,"331.63"
"2309207XX5","2023-09-20",645,"85.01"
"2309207XX6","2023-09-20",93,"328.83"
"2309207XX7","2023-09-20",322,"273.22"
"2309217XX1","2023-09-21",537,"484.86"
"2309217XX2","2023-09-21",566,"42.92"
"2309217XX3","2023-09-21",590,"408.91"
"2309217XX4","2023-09-21",711,"325.77"
"2309217XX5","2023-09-21",325,"157.12"
"2309217XX6","2023-09-21",485,"298.44"
"2309217XX7","2023-09-21",466,"241.35"
"2309217XX8","2023-09-21",581,"121.76"
"2309217XX9","2023-09-21",555,"415.29"
"2309217X10","2023-09-21",526,"376.06"
"2309217X11","2023-09-21",643,"248.13"
"2309217X12","2023-09-21",254,"291.49"
"2309217X13","2023-09-21",162,"376.17"
"2309217X14","2023-09-21",485,"374.25"
"2309217X15","2023-09-21",287,"432.25"
"2309217X16","2023-09-21",121,"444.59"
"2309217X17","2023-09-21",690,"484.38"
"2309227XX1","2023-09-22",197,"390.15"
"2309227XX2","2023-09-22",332,"472.98"
"2309227XX3","2023-09-22",538,"389.46"
"2309227XX4","2023-09-22",273,"475.52"
"2309237XX1","2023-09-23",594,"422.95"
"2309237XX2","2023-09-23",206,"52.63"
"2309237XX3","2023-09-23",139,"139.45"
"2309237XX4","2023-09-23",403,"269.31"
"2309237XX5","2023-09-23",219,"111.77"
"2309237XX6","2023-09-23",328,"172.36"
"2309237XX7","2023-09-23",237,"193.79"
"2309247XX1","2023-09-24",83,"63.44"
"2309247XX2","2023-09-24",417,"426.53"
"2309247XX3","2023-09-24",378,"154.07"
"2309257XX1","2023-09-25",115,"341.76"
"2309257XX2","2023-09-25",649,"342.64"
"2309257XX3","2023-09-25",333,"479.36"
"2309257XX4","2023-09-25",659,"300.76"
"2309257XX5","2023-09-25",449,"106.28"
"2309257XX6","2023-09-25",608,"372.66"
"2309267XX1","2023-09-26",265,"204.88"
"2309267XX2","2023-09-26",600,"305.81"
"2309267XX3","2023-09-26",278,"381.25"
"2309267XX4","2023-09-26",474,"160.16"
"2309267XX5","2023-09-26",604,"436.95"
"2309267XX6","2023-09-26",671,"444.13"
"2309277XX1","2023-09-27",83,"416.10"
"2309277XX2","2023-09-27",723,"283.35"
"2309277XX3","2023-09-27",406,"58.89"
"2309277XX4","2023-09-27",306,"261.20"
"2309277XX5","2023-09-27",462,"378.77"
"2309277XX6","2023-09-27",619,"161.20"
"2309277XX7","2023-09-27",507,"185.65"
"2309277XX8","2023-09-27",738,"355.92"
"2309277XX9","2023-09-27",331,"173.06"
"2309287XX1","2023-09-28",65,"254.19"
"2309287XX2","2023-09-28",467,"178.52"
"2309287XX3","2023-09-28",454,"89.22"
"2309287XX4","2023-09-28",384,"221.48"
"2309287XX5","2023-09-28",506,"108.99"
"2309287XX6","2023-09-28",368,"220.90"
"2309287XX7","2023-09-28",546,"351.99"
"2309287XX8","2023-09-28",504,"351.77"
"2309297XX1","2023-09-29",228,"488.44"
"2309297XX2","2023-09-29",334,"137.82"
"2309297XX3","2023-09-29",742,"433.76"
"2309297XX4","2023-09-29",117,"380.36"
"2309297XX5","2023-09-29",654,"399.02"
"2309297XX6","2023-09-29",517,"234.82"
"2309307XX1","2023-09-30",485,"418.48"
"2309307XX2","2023-09-30",432,"496.70"
"2309307XX3","2023-09-30",227,"373.46"
"2309307XX4","2023-09-30",103,"128.00"
"2309307XX5","2023-09-30",183,"344.59"
"2309307XX6","2023-09-30",153,"340.18"
"2309307XX7","2023-09-30",659,"196.74"
"2309307XX8","2023-09-30",725,"126.19"
"2309307XX9","2023-09-30",21,"177.10"
"2309307X10","2023-09-30",1,"185.80"
"2310017XX1","2023-10-01",299,"486.88"
"2310017XX2","2023-10-01",253,"231.92"
"2310017XX3","2023-10-01",106,"140.28"
"2310017XX4","2023-10-01",223,"420.52"
"2310017XX5","2023-10-01",284,"326.49"
"2310027XX1","2023-10-02",267,"370.80"
"2310027XX2","2023-10-02",65,"200.80"
"2310027XX3","2023-10-02",49,"133.39"
"2310027XX4","2023-10-02",177,"281.78"
"2310027XX5","2023-10-02",339,"132.63"
"2310027XX6","2023-10-02",623,"482.95"
"2310027XX7","2023-10-02",70,"211.63"
"2310037XX1","2023-10-03",173,"237.28"
"2310047XX1","2023-10-04",687,"194.62"
"2310047XX2","2023-10-04",726,"71.76"
"2310047XX3","2023-10-04",42,"69.06"
"2310047XX4","2023-10-04",217,"295.00"
"2310047XX5","2023-10-04",712,"254.38"
"2310057XX1","2023-10-05",159,"422.55"
"2310057XX2","2023-10-05",139,"264.24"
"2310057XX3","2023-10-05",23,"104.88"
"2310057XX4","2023-10-05",124,"170.61"
"2310057XX5","2023-10-05",224,"65.95"
"2310057XX6","2023-10-05",96,"236.25"
"2310057XX7","2023-10-05",380,"490.10"
"2310067XX1","2023-10-06",114,"102.48"
"2310067XX2","2023-10-06",262,"213.17"
"2310067XX3","2023-10-06",622,"159.19"
"2310067XX4","2023-10-06",756,"277.34"
"2310067XX5","2023-10-06",540,"223.66"
"2310067XX6","2023-10-06",760,"237.50"
"2310067XX7","2023-10-06",771,"193.45"
"2310067XX8","2023-10-06",421,"383.89"
"2310077XX1","2023-10-07",654,"79.82"
"2310077XX2","2023-10-07",8,"286.02"
"2310077XX3","2023-10-07",108,"292.23"
"2310077XX4","2023-10-07",394,"75.60"
"2310077XX5","2023-10-07",4,"157.08"
"2310077XX6","2023-10-07",757,"452.97"
"2310087XX1","2023-10-08",590,"52.36"
"2310087XX2","2023-10-08",676,"252.17"
"2310087XX3","2023-10-08",261,"259.53"
"2310087XX4","2023-10-08",169,"71.38"
"2310087XX5","2023-10-08",109,"189.72"
"2310087XX6","2023-10-08",184,"194.01"
"2310087XX7","2023-10-08",103,"304.77"
"2310097XX1","2023-10-09",177,"277.03"
"2310097XX2","2023-10-09",172,"413.59"
"2310097XX3","2023-10-09",373,"193.10"
"2310097XX4","2023-10-09",193,"339.64"
"2310107XX1","2023-10-10",762,"383.62"
"2310107XX2","2023-10-10",607,"117.55"
"2310117XX1","2023-10-11",323,"64.31"
"2310117XX2","2023-10-11",464,"251.21"
"2310117XX3","2023-10-11",85,"339.21"
"2310117XX4","2023-10-11",765,"424.11"
"2310127XX1","2023-10-12",663,"310.11"
"2310127XX2","2023-10-12",741,"97.12"
"2310127XX3","2023-10-12",691,"329.48"
"2310137XX1","2023-10-13",48,"277.60"
"2310137XX2","2023-10-13",405,"245.05"
"2310137XX3","2023-10-13",395,"141.89"
"2310137XX4","2023-10-13",350,"202.15"
"2310137XX5","2023-10-13",362,"450.78"
"2310137XX6","2023-10-13",9,"423.39"
"2310137XX7","2023-10-13",347,"267.83"
"2310147XX1","2023-10-14",189,"187.80"
"2310147XX2","2023-10-14",341,"135.79"
"2310147XX3","2023-10-14",213,"498.89"
"2310147XX4","2023-10-14",487,"312.58"
"2310147XX5","2023-10-14",644,"187.76"
"2310147XX6","2023-10-14",520,"274.01"
"2310147XX7","2023-10-14",406,"133.04"
"2310157XX1","2023-10-15",713,"119.36"
"2310157XX2","2023-10-15",694,"158.94"
"2310157XX3","2023-10-15",684,"47.80"
"2310157XX4","2023-10-15",617,"406.40"
"2310167XX1","2023-10-16",245,"267.21"
"2310167XX2","2023-10-16",733,"213.46"
"2310167XX3","2023-10-16",755,"190.75"
"2310167XX4","2023-10-16",14,"46.56"
"2310167XX5","2023-10-16",5,"281.98"
"2310167XX6","2023-10-16",120,"467.50"
"2310167XX7","2023-10-16",682,"227.24"
"2310167XX8","2023-10-16",543,"372.10"
"2310167XX9","2023-10-16",642,"392.72"
"2310177XX1","2023-10-17",645,"360.48"
"2310177XX2","2023-10-17",254,"115.99"
"2310177XX3","2023-10-17",90,"457.26"
"2310177XX4","2023-10-17",250,"355.84"
"2310177XX5","2023-10-17",29,"436.63"
"2310177XX6","2023-10-17",580,"335.98"
"2310187XX1","2023-10-18",686,"382.91"
"2310187XX2","2023-10-18",354,"51.64"
"2310187XX3","2023-10-18",314,"212.29"
"2310187XX4","2023-10-18",126,"64.00"
"2310187XX5","2023-10-18",69,"482.43"
"2310187XX6","2023-10-18",609,"132.31"
"2310187XX7","2023-10-18",186,"236.35"
"2310187XX8","2023-10-18",272,"79.07"
"2310187XX9","2023-10-18",154,"169.55"
"2310187X10","2023-10-18",328,"283.19"
"2310197XX1","2023-10-19",677,"149.43"
"2310197XX2","2023-10-19",590,"382.39"
"2310197XX3","2023-10-19",569,"198.92"
"2310197XX4","2023-10-19",383,"241.28"
"2310207XX1","2023-10-20",253,"239.87"
"2310207XX2","2023-10-20",257,"354.58"
"2310207XX3","2023-10-20",433,"165.55"
"2310207XX4","2023-10-20",83,"309.59"
"2310207XX5","2023-10-20",624,"206.86"
"2310207XX6","2023-10-20",379,"427.91"
"2310207XX7","2023-10-20",270,"451.04"
"2310217XX1","2023-10-21",449,"157.89"
"2310217XX2","2023-10-21",254,"284.23"
"2310217XX3","2023-10-21",140,"470.44"
"2310227XX1","2023-10-22",138,"58.53"
"2310227XX2","2023-10-22",168,"417.22"
"2310227XX3","2023-10-22",543,"470.05"
"2310227XX4","2023-10-22",352,"131.07"
"2310227XX5","2023-10-22",504,"160.53"
"2310227XX6","2023-10-22",213,"135.82"
"2310227XX7","2023-10-22",297,"237.77"
"2310237XX1","2023-10-23",737,"68.87"
"2310237XX2","2023-10-23",150,"45.44"
"2310237XX3","2023-10-23",370,"198.31"
"2310237XX4","2023-10-23",429,"486.84"
"2310237XX5","2023-10-23",329,"379.30"
"2310237XX6","2023-10-23",472,"396.67"
"2310237XX7","2023-10-23",509,"262.20"
"2310237XX8","2023-10-23",81,"41.01"
"2310247XX1","2023-10-24",2,"180.24"
"2310247XX2","2023-10-24",419,"393.81"
"2310247XX3","2023-10-24",285,"351.77"
"2310247XX4","2023-10-24",357,"343.32"
"2310247XX5","2023-10-24",100,"409.16"
"2310247XX6","2023-10-24",516,"420.20"
"2310257XX1","2023-10-25",696,"316.18"
"2310257XX2","2023-10-25",2,"145.01"
"2310257XX3","2023-10-25",562,"325.04"
"2310257XX4","2023-10-25",596,"403.16"
"2310267XX1","2023-10-26",178,"489.77"
"2310267XX2","2023-10-26",447,"48.27"
"2310267XX3","2023-10-26",540,"196.87"
"2310267XX4","2023-10-26",148,"336.38"
"2310267XX5","2023-10-26",205,"463.34"
"2310267XX6","2023-10-26",383,"371.50"
"2310277XX1","2023-10-27",42,"338.55"
"2310277XX2","2023-10-27",520,"270.11"
"2310277XX3","2023-10-27",520,"388.60"
"2310277XX4","2023-10-27",260,"365.56"
"2310287XX1","2023-10-28",658,"369.62"
"2310287XX2","2023-10-28",688,"412.83"
"2310287XX3","2023-10-28",545,"127.81"
"2310287XX4","2023-10-28",733,"441.46"
"2310287XX5","2023-10-28",449,"241.28"
"2310287XX6","2023-10-28",639,"143.86"
"2310297XX1","2023-10-29",420,"144.16"
"2310297XX2","2023-10-29",101,"325.18"
"2310297XX3","2023-10-29",612,"287.72"
"2310297XX4","2023-10-29",333,"226.98"
"2310297XX5","2023-10-29",553,"463.36"
"2310297XX6","2023-10-29",601,"128.84"
"2310297XX7","2023-10-29",124,"354.93"
"2310307XX1","2023-10-30",318,"239.32"
"2310307XX2","2023-10-30",283,"451.44"
"2310307XX3","2023-10-30",367,"184.81"
"2310307XX4","2023-10-30",16,"249.87"
"2310307XX5","2023-10-30",264,"127.50"
"2310307XX6","2023-10-30",357,"433.26"
"2310307XX7","2023-10-30",658,"232.93"
"2310307XX8","2023-10-30",541,"448.85"
"2310307XX9","2023-10-30",723,"469.60"
"2310317XX1","2023-10-31",760,"442.29"
"2310317XX2","2023-10-31",151,"262.41"
"2310317XX3","2023-10-31",621,"248.13"
"2310317XX4","2023-10-31",85,"351.84"
"2310317XX5","2023-10-31",641,"135.94"
"2311017XX1","2023-11-01",663,"322.48"
"2311017XX2","2023-11-01",10,"272.90"
"2311017XX3","2023-11-01",673,"255.27"
"2311017XX4","2023-11-01",556,"185.79"
"2311017XX5","2023-11-01",738,"460.47"
"2311017XX6","2023-11-01",389,"371.72"
"2311027XX1","2023-11-02",180,"181.72"
"2311027XX2","2023-11-02",287,"156.69"
"2311027XX3","2023-11-02",135,"119.50"
"2311027XX4","2023-11-02",535,"449.60"
"2311027XX5","2023-11-02",190,"390.90"
"2311027XX6","2023-11-02",723,"69.39"
"2311037XX1","2023-11-03",147,"448.67"
"2311037XX2","2023-11-03",315,"393.62"
"2311037XX3","2023-11-03",518,"127.38"
"2311037XX4","2023-11-03",637,"384.22"
"2311037XX5","2023-11-03",195,"346.33"
"2311037XX6","2023-11-03",495,"437.39"
"2311047XX1","2023-11-04",593,"296.78"
"2311057XX1","2023-11-05",315,"443.18"
"2311057XX2","2023-11-05",75,"260.01"
"2311057XX3","2023-11-05",485,"369.23"
"2311057XX4","2023-11-05",562,"240.47"
"2311067XX1","2023-11-06",299,"395.19"
"2311067XX2","2023-11-06",49,"466.37"
"2311067XX3","2023-11-06",679,"59.21"
"2311067XX4","2023-11-06",230,"138.02"
"2311077XX1","2023-11-07",205,"297.84"
"2311077XX2","2023-11-07",55,"451.10"
"2311077XX3","2023-11-07",677,"448.02"
"2311077XX4","2023-11-07",50,"450.07"
"2311077XX5","2023-11-07",213,"73.74"
"2311087XX1","2023-11-08",17,"46.18"
"2311087XX2","2023-11-08",190,"410.75"
"2311097XX1","2023-11-09",647,"291.44"
"2311097XX2","2023-11-09",90,"82.32"
"2311097XX3","2023-11-09",148,"386.86"
"2311097XX4","2023-11-09",334,"411.14"
"2311097XX5","2023-11-09",188,"346.33"
"2311107XX1","2023-11-10",498,"158.33"
"2311107XX2","2023-11-10",398,"190.62"
"2311107XX3","2023-11-10",158,"208.29"
"2311107XX4","2023-11-10",481,"436.52"
"2311107XX5","2023-11-10",171,"361.70"
"2311107XX6","2023-11-10",706,"253.88"
"2311117XX1","2023-11-11",142,"418.81"
"2311117XX2","2023-11-11",698,"198.13"
"2311117XX3","2023-11-11",28,"111.63"
"2311117XX4","2023-11-11",69,"226.48"
"2311117XX5","2023-11-11",668,"330.63"
"2311117XX6","2023-11-11",391,"370.04"
"2311127XX1","2023-11-12",335,"236.42"
"2311127XX2","2023-11-12",58,"303.51"
"2311127XX3","2023-11-12",224,"385.05"
"2311127XX4","2023-11-12",509,"427.91"
"2311137XX1","2023-11-13",179,"107.96"
"2311137XX2","2023-11-13",645,"338.55"
"2311137XX3","2023-11-13",310,"195.29"
"2311137XX4","2023-11-13",709,"293.27"
"2311147XX1","2023-11-14",367,"401.67"
"2311147XX2","2023-11-14",191,"53.79"
"2311147XX3","2023-11-14",149,"79.65"
"2311147XX4","2023-11-14",345,"119.11"
"2311147XX5","2023-11-14",578,"227.84"
"2311147XX6","2023-11-14",147,"262.11"
"2311157XX1","2023-11-15",723,"431.79"
"2311157XX2","2023-11-15",460,"488.34"
"2311157XX3","2023-11-15",712,"169.79"
"2311157XX4","2023-11-15",270,"87.06"
"2311167XX1","2023-11-16",590,"67.87"
"2311167XX2","2023-11-16",142,"229.90"
"2311167XX3","2023-11-16",1,"459.87"
"2311167XX4","2023-11-16",90,"399.15"
"2311177XX1","2023-11-17",349,"444.30"
"2311177XX2","2023-11-17",711,"47.34"
"2311177XX3","2023-11-17",63,"262.10"
"2311177XX4","2023-11-17",550,"425.87"
"2311177XX5","2023-11-17",139,"370.56"
"2311177XX6","2023-11-17",473,"104.71"
"2311177XX7","2023-11-17",386,"205.22"
"2311187XX1","2023-11-18",454,"107.28"
"2311187XX2","2023-11-18",352,"415.04"
"2311187XX3","2023-11-18",548,"121.23"
"2311187XX4","2023-11-18",192,"366.51"
"2311187XX5","2023-11-18",525,"142.27"
"2311187XX6","2023-11-18",738,"478.52"
"2311187XX7","2023-11-18",129,"250.66"
"2311187XX8","2023-11-18",548,"430.08"
"2311197XX1","2023-11-19",495,"261.37"
"2311197XX2","2023-11-19",649,"468.75"
"2311197XX3","2023-11-19",236,"402.17"
"2311197XX4","2023-11-19",151,"130.02"
"2311197XX5","2023-11-19",155,"462.45"
"2311197XX6","2023-11-19",196,"337.93"
"2311207XX1","2023-11-20",765,"121.97"
"2311207XX2","2023-11-20",459,"71.23"
"2311207XX3","2023-11-20",366,"275.71"
"2311207XX4","2023-11-20",389,"483.71"
"2311207XX5","2023-11-20",401,"51.82"
"2311217XX1","2023-11-21",384,"49.14"
"2311217XX2","2023-11-21",532,"286.13"
"2311217XX3","2023-11-21",10,"426.20"
"2311217XX4","2023-11-21",739,"291.34"
"2311217XX5","2023-11-21",472,"251.09"
"2311217XX6","2023-11-21",112,"342.08"
"2311227XX1","2023-11-22",28,"203.83"
"2311227XX2","2023-11-22",368,"218.00"
"2311227XX3","2023-11-22",205,"168.53"
"2311227XX4","2023-11-22",519,"255.30"
"2311227XX5","2023-11-22",595,"221.28"
"2311227XX6","2023-11-22",746,"316.50"
"2311227XX7","2023-11-22",519,"239.09"
"2311227XX8","2023-11-22",195,"68.28"
"2311247XX1","2023-11-24",226,"255.76"
"2311247XX2","2023-11-24",618,"72.36"
"2311247XX3","2023-11-24",264,"253.17"
"2311247XX4","2023-11-24",225,"99.42"
"2311247XX5","2023-11-24",99,"265.75"
"2311247XX6","2023-11-24",43,"497.06"
"2311247XX7","2023-11-24",451,"45.16"
"2311247XX8","2023-11-24",229,"434.86"
"2311247XX9","2023-11-24",526,"355.99"
"2311247X10","2023-11-24",54,"266.68"
"2311247X11","2023-11-24",223,"376.65"
"2311247X12","2023-11-24",25,"274.16"
"2311247X13","2023-11-24",203,"413.76"
"2311247X14","2023-11-24",668,"200.04"
"2311247X15","2023-11-24",297,"94.18"
"2311247X16","2023-11-24",217,"297.87"
"2311247X17","2023-11-24",392,"396.83"
"2311247X18","2023-11-24",650,"313.60"
"2311247X19","2023-11-24",734,"314.97"
"2311257XX1","2023-11-25",245,"484.64"
"2311257XX2","2023-11-25",733,"424.38"
"2311257XX3","2023-11-25",710,"346.64"
"2311257XX4","2023-11-25",302,"234.95"
"2311257XX5","2023-11-25",106,"407.46"
"2311257XX6","2023-11-25",2,"237.67"
"2311257XX7","2023-11-25",387,"74.23"
"2311257XX8","2023-11-25",649,"291.12"
"2311257XX9","2023-11-25",530,"498.35"
"2311257X10","2023-11-25",85,"415.01"
"2311257X11","2023-11-25",349,"415.64"
"2311257X12","2023-11-25",297,"187.83"
"2311257X13","2023-11-25",191,"328.73"
"2311257X14","2023-11-25",321,"466.00"
"2311267XX1","2023-11-26",654,"225.25"
"2311267XX2","2023-11-26",334,"273.34"
"2311267XX3","2023-11-26",13,"243.08"
"2311267XX4","2023-11-26",586,"134.29"
"2311267XX5","2023-11-26",239,"105.18"
"2311267XX6","2023-11-26",620,"178.18"
"2311267XX7","2023-11-26",180,"389.25"
"2311267XX8","2023-11-26",623,"247.66"
"2311267XX9","2023-11-26",105,"231.48"
"2311277XX1","2023-11-27",133,"228.46"
"2311277XX2","2023-11-27",109,"256.51"
"2311277XX3","2023-11-27",487,"352.18"
"2311277XX4","2023-11-27",692,"349.73"
"2311277XX5","2023-11-27",741,"393.32"
"2311277XX6","2023-11-27",155,"103.65"
"2311277XX7","2023-11-27",700,"40.29"
"2311277XX8","2023-11-27",618,"494.94"
"2311277XX9","2023-11-27",298,"176.35"
"2311277X10","2023-11-27",323,"440.21"
"2311277X11","2023-11-27",244,"214.84"
"2311277X12","2023-11-27",573,"265.66"
"2311287XX1","2023-11-28",593,"63.49"
"2311287XX2","2023-11-28",592,"75.92"
"2311287XX3","2023-11-28",716,"93.49"
"2311287XX4","2023-11-28",312,"132.66"
"2311287XX5","2023-11-28",321,"265.06"
"2311287XX6","2023-11-28",690,"262.20"
"2311287XX7","2023-11-28",644,"443.01"
"2311287XX8","2023-11-28",273,"156.94"
"2311287XX9","2023-11-28",97,"483.25"
"2311287X10","2023-11-28",275,"190.12"
"2311287X11","2023-11-28",37,"345.74"
"2311297XX1","2023-11-29",586,"121.27"
"2311297XX2","2023-11-29",660,"150.04"
"2311297XX3","2023-11-29",24,"87.23"
"2311297XX4","2023-11-29",358,"479.05"
"2311297XX5","2023-11-29",760,"381.48"
"2311297XX6","2023-11-29",104,"490.97"
"2311297XX7","2023-11-29",698,"79.64"
"2311297XX8","2023-11-29",195,"143.80"
"2311307XX1","2023-11-30",129,"43.97"
"2311307XX2","2023-11-30",747,"108.77"
"2311307XX3","2023-11-30",692,"307.13"
"2311307XX4","2023-11-30",712,"450.57"
"2311307XX5","2023-11-30",544,"241.18"
"2311307XX6","2023-11-30",717,"438.39"
"2311307XX7","2023-11-30",387,"209.41"
"2311307XX8","2023-11-30",472,"226.27"
"2312017XX1","2023-12-01",112,"241.81"
"2312017XX2","2023-12-01",739,"238.83"
"2312017XX3","2023-12-01",643,"402.71"
"2312017XX4","2023-12-01",488,"195.72"
"2312017XX5","2023-12-01",261,"256.14"
"2312017XX6","2023-12-01",108,"295.20"
"2312017XX7","2023-12-01",389,"105.69"
"2312017XX8","2023-12-01",586,"442.98"
"2312017XX9","2023-12-01",85,"491.01"
"2312017X10","2023-12-01",516,"87.52"
"2312017X11","2023-12-01",620,"102.22"
"2312017X12","2023-12-01",631,"311.89"
"2312017X13","2023-12-01",397,"47.88"
"2312017X14","2023-12-01",218,"453.99"
"2312027XX1","2023-12-02",148,"235.18"
"2312027XX2","2023-12-02",78,"208.44"
"2312027XX3","2023-12-02",504,"260.93"
"2312027XX4","2023-12-02",4,"55.39"
"2312027XX5","2023-12-02",572,"76.74"
"2312027XX6","2023-12-02",556,"470.17"
"2312027XX7","2023-12-02",269,"67.82"
"2312027XX8","2023-12-02",665,"485.01"
"2312027XX9","2023-12-02",311,"328.21"
"2312027X10","2023-12-02",128,"254.49"
"2312027X11","2023-12-02",269,"140.21"
"2312027X12","2023-12-02",700,"233.30"
"2312027X13","2023-12-02",710,"347.30"
"2312027X14","2023-12-02",763,"90.17"
"2312037XX1","2023-12-03",362,"327.12"
"2312037XX2","2023-12-03",428,"306.39"
"2312037XX3","2023-12-03",59,"298.92"
"2312037XX4","2023-12-03",503,"380.75"
"2312037XX5","2023-12-03",69,"308.52"
"2312037XX6","2023-12-03",397,"60.21"
"2312037XX7","2023-12-03",98,"404.14"
"2312037XX8","2023-12-03",448,"478.96"
"2312037XX9","2023-12-03",70,"322.71"
"2312037X10","2023-12-03",746,"470.40"
"2312037X11","2023-12-03",535,"102.01"
"2312037X12","2023-12-03",235,"300.05"
"2312037X13","2023-12-03",234,"303.49"
"2312037X14","2023-12-03",148,"388.53"
"2312037X15","2023-12-03",543,"447.71"
"2312037X16","2023-12-03",460,"77.04"
"2312037X17","2023-12-03",383,"232.86"
"2312037X18","2023-12-03",605,"132.42"
"2312047XX1","2023-12-04",710,"426.60"
"2312047XX2","2023-12-04",617,"198.82"
"2312047XX3","2023-12-04",618,"264.96"
"2312047XX4","2023-12-04",81,"80.28"
"2312047XX5","2023-12-04",39,"478.35"
"2312047XX6","2023-12-04",613,"480.70"
"2312047XX7","2023-12-04",129,"333.55"
"2312047XX8","2023-12-04",253,"319.30"
"2312047XX9","2023-12-04",520,"283.59"
"2312057XX1","2023-12-05",58,"469.90"
"2312057XX2","2023-12-05",408,"464.62"
"2312057XX3","2023-12-05",687,"464.80"
"2312057XX4","2023-12-05",232,"340.75"
"2312057XX5","2023-12-05",23,"379.26"
"2312057XX6","2023-12-05",202,"459.95"
"2312057XX7","2023-12-05",41,"290.95"
"2312057XX8","2023-12-05",10,"50.37"
"2312057XX9","2023-12-05",250,"158.98"
"2312057X10","2023-12-05",337,"454.53"
"2312057X11","2023-12-05",431,"84.49"
"2312057X12","2023-12-05",116,"469.56"
"2312057X13","2023-12-05",716,"153.12"
"2312057X14","2023-12-05",182,"362.81"
"2312057X15","2023-12-05",319,"378.85"
"2312067XX1","2023-12-06",218,"492.62"
"2312067XX2","2023-12-06",146,"82.70"
"2312067XX3","2023-12-06",112,"232.41"
"2312067XX4","2023-12-06",328,"157.72"
"2312067XX5","2023-12-06",266,"44.94"
"2312067XX6","2023-12-06",345,"321.33"
"2312067XX7","2023-12-06",553,"221.13"
"2312067XX8","2023-12-06",180,"261.27"
"2312067XX9","2023-12-06",213,"313.11"
"2312067X10","2023-12-06",86,"434.56"
"2312067X11","2023-12-06",624,"403.77"
"2312067X12","2023-12-06",430,"490.20"
"2312067X13","2023-12-06",401,"133.86"
"2312067X14","2023-12-06",656,"160.72"
"2312067X15","2023-12-06",480,"324.48"
"2312077XX1","2023-12-07",460,"488.49"
"2312077XX2","2023-12-07",45,"66.31"
"2312077XX3","2023-12-07",657,"207.75"
"2312077XX4","2023-12-07",394,"104.64"
"2312077XX5","2023-12-07",10,"86.05"
"2312077XX6","2023-12-07",663,"364.89"
"2312077XX7","2023-12-07",658,"275.84"
"2312077XX8","2023-12-07",487,"132.07"
"2312077XX9","2023-12-07",584,"165.41"
"2312077X10","2023-12-07",224,"140.11"
"2312077X11","2023-12-07",72,"466.20"
"2312077X12","2023-12-07",542,"214.82"
"2312077X13","2023-12-07",362,"234.55"
"2312077X14","2023-12-07",666,"87.76"
"2312077X15","2023-12-07",190,"266.73"
"2312077X16","2023-12-07",500,"160.29"
"2312077X17","2023-12-07",124,"224.64"
"2312077X18","2023-12-07",684,"142.47"
"2312087XX1","2023-12-08",505,"265.07"
"2312087XX2","2023-12-08",371,"247.00"
"2312087XX3","2023-12-08",184,"320.67"
"2312087XX4","2023-12-08",220,"342.31"
"2312087XX5","2023-12-08",380,"456.50"
"2312087XX6","2023-12-08",424,"134.50"
"2312087XX7","2023-12-08",503,"73.22"
"2312087XX8","2023-12-08",340,"442.87"
"2312087XX9","2023-12-08",375,"320.21"
"2312097XX1","2023-12-09",126,"323.38"
"2312097XX2","2023-12-09",411,"108.79"
"2312097XX3","2023-12-09",49,"328.93"
"2312097XX4","2023-12-09",245,"235.76"
"2312097XX5","2023-12-09",302,"408.27"
"2312097XX6","2023-12-09",390,"478.83"
"2312097XX7","2023-12-09",655,"263.63"
"2312097XX8","2023-12-09",620,"85.63"
"2312097XX9","2023-12-09",487,"355.09"
"2312097X10","2023-12-09",4,"381.17"
"2312097X11","2023-12-09",39,"273.79"
"2312097X12","2023-12-09",305,"392.68"
"2312097X13","2023-12-09",679,"480.11"
"2312097X14","2023-12-09",142,"74.48"
"2312097X15","2023-12-09",613,"93.31"
"2312107XX1","2023-12-10",85,"365.48"
"2312107XX2","2023-12-10",321,"300.91"
"2312107XX3","2023-12-10",50,"82.55"
"2312107XX4","2023-12-10",207,"343.35"
"2312107XX5","2023-12-10",471,"313.11"
"2312117XX1","2023-12-11",140,"437.32"
"2312117XX2","2023-12-11",379,"103.99"
"2312117XX3","2023-12-11",738,"105.43"
"2312117XX4","2023-12-11",562,"360.00"
"2312117XX5","2023-12-11",561,"186.02"
"2312117XX6","2023-12-11",308,"466.50"
"2312117XX7","2023-12-11",564,"264.89"
"2312117XX8","2023-12-11",109,"417.53"
"2312117XX9","2023-12-11",460,"236.11"
"2312117X10","2023-12-11",104,"211.91"
"2312117X11","2023-12-11",428,"369.20"
"2312117X12","2023-12-11",408,"134.80"
"2312117X13","2023-12-11",221,"353.45"
"2312117X14","2023-12-11",446,"153.34"
"2312117X15","2023-12-11",547,"132.64"
"2312117X16","2023-12-11",658,"263.99"
"2312117X17","2023-12-11",295,"249.27"
"2312117X18","2023-12-11",212,"471.27"
"2312127XX1","2023-12-12",162,"315.74"
"2312127XX2","2023-12-12",97,"403.14"
"2312127XX3","2023-12-12",357,"122.79"
"2312127XX4","2023-12-12",264,"119.64"
"2312127XX5","2023-12-12",212,"42.15"
"2312127XX6","2023-12-12",280,"205.61"
"2312127XX7","2023-12-12",154,"174.32"
"2312127XX8","2023-12-12",63,"82.08"
"2312127XX9","2023-12-12",702,"135.97"
"2312127X10","2023-12-12",427,"483.87"
"2312137XX1","2023-12-13",115,"435.55"
"2312137XX2","2023-12-13",629,"95.33"
"2312137XX3","2023-12-13",296,"410.76"
"2312137XX4","2023-12-13",666,"285.40"
"2312137XX5","2023-12-13",594,"283.38"
"2312137XX6","2023-12-13",423,"443.21"
"2312137XX7","2023-12-13",639,"363.27"
"2312137XX8","2023-12-13",487,"181.92"
"2312137XX9","2023-12-13",106,"459.25"
"2312137X10","2023-12-13",685,"380.34"
"2312147XX1","2023-12-14",542,"366.59"
"2312147XX2","2023-12-14",28,"163.18"
"2312147XX3","2023-12-14",483,"261.53"
"2312147XX4","2023-12-14",16,"437.73"
"2312147XX5","2023-12-14",553,"94.81"
"2312147XX6","2023-12-14",502,"295.38"
"2312147XX7","2023-12-14",611,"363.36"
"2312147XX8","2023-12-14",25,"461.60"
"2312147XX9","2023-12-14",115,"481.58"
"2312147X10","2023-12-14",516,"84.34"
"2312147X11","2023-12-14",313,"95.87"
"2312147X12","2023-12-14",323,"281.32"
"2312147X13","2023-12-14",357,"318.37"
"2312147X14","2023-12-14",585,"281.33"
"2312147X15","2023-12-14",584,"472.38"
"2312147X16","2023-12-14",322,"382.52"
"2312157XX1","2023-12-15",291,"148.95"
"2312157XX2","2023-12-15",618,"237.39"
"2312157XX3","2023-12-15",218,"98.62"
"2312157XX4","2023-12-15",613,"429.83"
"2312157XX5","2023-12-15",624,"272.37"
"2312157XX6","2023-12-15",563,"127.13"
"2312157XX7","2023-12-15",255,"103.45"
"2312157XX8","2023-12-15",197,"118.56"
"2312157XX9","2023-12-15",654,"240.07"
"2312167XX1","2023-12-16",278,"50.16"
"2312167XX2","2023-12-16",59,"113.97"
"2312167XX3","2023-12-16",608,"226.32"
"2312167XX4","2023-12-16",518,"66.24"
"2312167XX5","2023-12-16",302,"499.40"
"2312167XX6","2023-12-16",140,"447.80"
"2312167XX7","2023-12-16",397,"365.36"
"2312167XX8","2023-12-16",106,"56.27"
"2312167XX9","2023-12-16",35,"68.49"
"2312167X10","2023-12-16",640,"99.08"
"2312167X11","2023-12-16",461,"110.65"
"2312167X12","2023-12-16",134,"366.34"
"2312167X13","2023-12-16",423,"119.53"
"2312167X14","2023-12-16",566,"119.60"
"2312167X15","2023-12-16",423,"398.23"
"2312177XX1","2023-12-17",497,"95.18"
"2312177XX2","2023-12-17",318,"488.69"
"2312177XX3","2023-12-17",747,"132.40"
"2312177XX4","2023-12-17",443,"397.27"
"2312177XX5","2023-12-17",320,"191.80"
"2312177XX6","2023-12-17",425,"92.56"
"2312177XX7","2023-12-17",748,"199.51"
"2312177XX8","2023-12-17",91,"143.21"
"2312177XX9","2023-12-17",335,"351.01"
"2312177X10","2023-12-17",178,"222.53"
"2312177X11","2023-12-17",610,"317.12"
"2312177X12","2023-12-17",196,"210.07"
"2312177X13","2023-12-17",657,"41.19"
"2312177X14","2023-12-17",483,"117.34"
"2312177X15","2023-12-17",495,"140.69"
"2312187XX1","2023-12-18",444,"53.94"
"2312187XX2","2023-12-18",492,"372.93"
"2312187XX3","2023-12-18",191,"341.56"
"2312187XX4","2023-12-18",506,"469.17"
"2312187XX5","2023-12-18",94,"189.60"
"2312187XX6","2023-12-18",159,"318.50"
"2312187XX7","2023-12-18",657,"331.22"
"2312187XX8","2023-12-18",378,"174.03"
"2312197XX1","2023-12-19",730,"492.26"
"2312197XX2","2023-12-19",147,"134.25"
"2312197XX3","2023-12-19",488,"353.39"
"2312197XX4","2023-12-19",22,"141.96"
"2312197XX5","2023-12-19",469,"171.47"
"2312197XX6","2023-12-19",65,"110.83"
"2312197XX7","2023-12-19",389,"449.63"
"2312197XX8","2023-12-19",432,"219.11"
"2312197XX9","2023-12-19",644,"250.26"
"2312197X10","2023-12-19",730,"85.32"
"2312197X11","2023-12-19",613,"252.97"
"2312197X12","2023-12-19",285,"87.19"
"2312197X13","2023-12-19",338,"353.52"
"2312207XX1","2023-12-20",218,"319.60"
"2312207XX2","2023-12-20",747,"81.48"
"2312207XX3","2023-12-20",657,"50.66"
"2312207XX4","2023-12-20",595,"192.34"
"2312207XX5","2023-12-20",483,"88.75"
"2312207XX6","2023-12-20",49,"85.96"
"2312207XX7","2023-12-20",275,"391.37"
"2312207XX8","2023-12-20",376,"227.11"
"2312207XX9","2023-12-20",248,"354.28"
"2312207X10","2023-12-20",232,"485.35"
"2312207X11","2023-12-20",354,"261.79"
"2312207X12","2023-12-20",747,"171.57"
"2312207X13","2023-12-20",40,"143.01"
"2312207X14","2023-12-20",45,"161.44"
"2312207X15","2023-12-20",397,"88.30"
"2312207X16","2023-12-20",645,"259.45"
"2312207X17","2023-12-20",446,"434.52"
"2312207X18","2023-12-20",609,"366.31"
"2312207X19","2023-12-20",368,"190.91"
"2312217XX1","2023-12-21",487,"456.91"
"2312217XX2","2023-12-21",294,"166.04"
"2312217XX3","2023-12-21",504,"440.38"
"2312217XX4","2023-12-21",89,"191.30"
"2312217XX5","2023-12-21",766,"487.59"
"2312217XX6","2023-12-21",22,"220.69"
"2312217XX7","2023-12-21",582,"433.40"
"2312217XX8","2023-12-21",283,"288.33"
"2312217XX9","2023-12-21",423,"184.17"
"2312217X10","2023-12-21",442,"366.81"
"2312217X11","2023-12-21",658,"276.05"
"2312227XX1","2023-12-22",738,"496.07"
"2312227XX2","2023-12-22",84,"255.24"
"2312227XX3","2023-12-22",285,"271.98"
"2312227XX4","2023-12-22",81,"69.91"
"2312227XX5","2023-12-22",427,"261.27"
"2312227XX6","2023-12-22",593,"275.99"
"2312227XX7","2023-12-22",316,"65.55"
"2312227XX8","2023-12-22",147,"281.52"
"2312227XX9","2023-12-22",711,"176.09"
"2312227X10","2023-12-22",453,"434.29"
"2312227X11","2023-12-22",301,"286.62"
"2312237XX1","2023-12-23",217,"187.89"
"2312237XX2","2023-12-23",460,"79.31"
"2312237XX3","2023-12-23",397,"365.00"
"2312237XX4","2023-12-23",207,"153.06"
"2312237XX5","2023-12-23",550,"183.60"
"2312237XX6","2023-12-23",6,"269.81"
"2312237XX7","2023-12-23",408,"62.30"
"2312237XX8","2023-12-23",343,"96.13"
"2312237XX9","2023-12-23",472,"334.19"
"2312237X10","2023-12-23",131,"359.05"
"2312237X11","2023-12-23",13,"318.05"
"2312247XX1","2023-12-24",611,"307.99"
"2312247XX2","2023-12-24",41,"226.96"
"2312247XX3","2023-12-24",234,"305.60"
"2312247XX4","2023-12-24",24,"458.51"
"2312247XX5","2023-12-24",616,"446.41"
"2312247XX6","2023-12-24",762,"482.11"
"2312247XX7","2023-12-24",592,"239.08"
"2312247XX8","2023-12-24",543,"463.25"
"2312247XX9","2023-12-24",472,"474.92"
"2312247X10","2023-12-24",380,"314.09"
"2312247X11","2023-12-24",570,"425.78"
"2312247X12","2023-12-24",678,"223.39"
"2312247X13","2023-12-24",650,"385.61"
"2312247X14","2023-12-24",767,"407.03"
"2312267XX1","2023-12-26",497,"437.22"
"2312267XX2","2023-12-26",334,"418.09"
"2312267XX3","2023-12-26",362,"243.82"
"2312267XX4","2023-12-26",686,"41.07"
"2312277XX1","2023-12-27",401,"416.94"
"2312277XX2","2023-12-27",312,"479.69"
"2312277XX3","2023-12-27",238,"422.33"
"2312277XX4","2023-12-27",488,"292.20"
"2312277XX5","2023-12-27",739,"354.57"
"2312277XX6","2023-12-27",165,"87.66"
"2312287XX1","2023-12-28",204,"322.78"
"2312287XX2","2023-12-28",213,"345.42"
"2312287XX3","2023-12-28",178,"74.37"
"2312287XX4","2023-12-28",634,"252.63"
"2312287XX5","2023-12-28",639,"489.98"
"2312287XX6","2023-12-28",704,"138.28"
"2312297XX1","2023-12-29",100,"270.46"
"2312297XX2","2023-12-29",171,"253.71"
"2312297XX3","2023-12-29",405,"304.07"
"2312307XX1","2023-12-30",616,"263.56"
"2312307XX2","2023-12-30",475,"73.20"
"2312307XX3","2023-12-30",607,"328.62"
"2312307XX4","2023-12-30",337,"92.46"
"2312307XX5","2023-12-30",653,"174.99"
